NoFlo,evannever,1
NoFlo,tpedes,2
NoFlo,cocksherpa2,8
NoFlo,vvelox,3
NoFlo,StaplerLivesMatter,2
NoFlo,theblackdane,1
NoFlo,benjalss,1
Bl00dy9,RIAuction,5
Pink_Pistols_Atlanta,_pope_francis,1
Pink_Pistols_Atlanta,jsled,2
Pink_Pistols_Atlanta,shawmuttv2,2
Pink_Pistols_Atlanta,tausciam,2
Pink_Pistols_Atlanta,catchabadone,2
Pink_Pistols_Atlanta,StaplerLivesMatter,2
Pink_Pistols_Atlanta,Plinthastic,2
KodiakAnorak,Pink_Pistols_Atlanta,1
pestilence,usmc8541,4
50calPeephole,Stammer20,2
Allen4083,boanerges57,1
boanerges57,nauticalmile,1
boanerges57,pestilence,1
boanerges57,ursuslimbs,2
boanerges57,pwaves13,1
ForgottenWeapons,boanerges57,1
Notorious_Dave,boanerges57,3
KinkotheClown,fuckoffplsthankyou,1
GGWAG,fuckoffplsthankyou,28
ILikeBigAZ,fuckoffplsthankyou,73
Bagellord,fuckoffplsthankyou,2
fuckoffplsthankyou,patpend,1
fuckoffplsthankyou,jsled,2
fuckoffplsthankyou,skinsfan55,4
benjalss,fuckoffplsthankyou,2
fidelitypdx,fuckoffplsthankyou,1
ImJustaBagofHammers,fuckoffplsthankyou,3
DJLinFL,fuckoffplsthankyou,5
Fargonian,fuckoffplsthankyou,2
fuckoffplsthankyou,wadsworthandrea,1
fuckoffplsthankyou,prcrash,3
democracy101,fuckoffplsthankyou,1
fuckoffplsthankyou,propshaft,3
Physical_removal,fuckoffplsthankyou,13
_That_One_Guy_,fuckoffplsthankyou,1
Imnotcreepyatall,fuckoffplsthankyou,2
LonelyMachines,fuckoffplsthankyou,6
DreadGrunt,fuckoffplsthankyou,2
TheSecurityGuyForYou,fuckoffplsthankyou,1
fuckoffplsthankyou,neuhmz,2
Freeman001,fuckoffplsthankyou,4
cupcakes83,fuckoffplsthankyou,1
10MeV,fuckoffplsthankyou,2
craschnet,fuckoffplsthankyou,1
RoundSimbacca,fuckoffplsthankyou,1
fuckoffplsthankyou,vegetarianrobots,5
fuckoffplsthankyou,pongo000,4
DemureCynosure,fuckoffplsthankyou,1
CDisawesome,fuckoffplsthankyou,1
fuckoffplsthankyou,kenabi,4
fuckoffplsthankyou,rev_g33k,1
Tisias,fuckoffplsthankyou,1
Wadsworth34,fuckoffplsthankyou,1
Ichooseliberty,fuckoffplsthankyou,3
G19Gen3,fuckoffplsthankyou,4
BrianPurkiss,fuckoffplsthankyou,2
blaspheminCapn,fuckoffplsthankyou,1
CjStaal,fuckoffplsthankyou,17
financeguy2096,fuckoffplsthankyou,1
RedditPoster05,sp0rttraxx,1
CaptainCiph3r,RedditPoster05,6
Freeman001,tjeffs76,7
MaximusNerdius,tjeffs76,23
lareform,tjeffs76,3
master_hakka,razor_beast,4
jsled,master_hakka,1
Ryshek,master_hakka,3
WillitsThrockmorton,master_hakka,11
GGWAG,deacon1214,15
deacon1214,i_smell_my_poop,4
MaximusNerdius,deacon1214,2
ILikeBigAZ,OGIVE,14
ILikeBigAZ,TheSecurityGuyForYou,2
DreadGrunt,ILikeBigAZ,8
ILikeBigAZ,pongo000,7
ILikeBigAZ,dynosan,16
Bagellord,ILikeBigAZ,19
ILikeBigAZ,i_smell_my_poop,5
GGWAG,ILikeBigAZ,4
ILikeBigAZ,jsled,2
ILikeBigAZ,LonelyMachines,25
DJLinFL,ILikeBigAZ,6
ILikeBigAZ,benjalss,3
ILikeBigAZ,kubrick66,10
Average_Sized_Jim,ILikeBigAZ,3
ILikeBigAZ,Imnotcreepyatall,1
Freeman001,ILikeBigAZ,12
ILikeBigAZ,NJ2A,1
ILikeBigAZ,Seukonnen,4
Fargonian,ILikeBigAZ,13
ILikeBigAZ,wadsworthandrea,1
ILikeBigAZ,Isuspectnargles,3
ILikeBigAZ,ampfin,1
BelliimiTravler,ILikeBigAZ,7
ILikeBigAZ,Physical_removal,4
ILikeBigAZ,Tisias,3
Gbcue,ILikeBigAZ,1
ILikeBigAZ,TrapperJon,14
ILikeBigAZ,maxout2142,7
ILikeBigAZ,Plinthastic,4
ILikeBigAZ,tjeffs76,1
ILikeBigAZ,RoundSimbacca,1
ILikeBigAZ,Wythas,4
Ford42,ILikeBigAZ,1
ILikeBigAZ,bambamtx,4
ILikeBigAZ,ThePoliticalHat,1
ILikeBigAZ,alezit,4
ILikeBigAZ,wiseprogressivethink,1
ILikeBigAZ,slimyprincelimey,1
monkeymasher,unquietmammal,3
766AP,SpinningHead,2
766AP,ImJustaNJrefugee,1
766AP,Monkeyfeng,2
766AP,LonelyMachines,2
766AP,kenabi,3
766AP,pongo000,6
766AP,Freeman001,3
766AP,Bagellord,7
766AP,MaximusNerdius,2
766AP,DJLinFL,2
766AP,OGIVE,1
766AP,propshaft,1
766AP,Tisias,3
766AP,jsled,3
766AP,9mmIsBestMillimeter,1
766AP,Triggs390,2
766AP,CDisawesome,1
766AP,neuhmz,1
766AP,craschnet,1
766AP,fidelitypdx,2
766AP,LucienLibrarian,2
766AP,bespeak,1
766AP,benjalss,2
766AP,Imnotcreepyatall,1
BrianPurkiss,GY6vids,2
GY6vids,Seukonnen,3
GY6vids,absentblue,1
AustraliaForTrump,GY6vids,1
GY6vids,pongo000,1
GY6vids,god_killer1234567,1
UziDoesIt89,dnarevolutions,2
Wulf1939,xXxWirtyXDoorxXx,4
9mmIsBestMillimeter,TheSecurityGuyForYou,3
9mmIsBestMillimeter,pongo000,3
9mmIsBestMillimeter,ningrim,1
50calPeephole,9mmIsBestMillimeter,2
9mmIsBestMillimeter,Mini-Marine,1
9mmIsBestMillimeter,James_Solomon,2
9mmIsBestMillimeter,ManiacFoSho,2
9mmIsBestMillimeter,LucienLibrarian,2
9mmIsBestMillimeter,KodiakAnorak,2
9mmIsBestMillimeter,TheGreenShepherd,1
9mmIsBestMillimeter,ZeroSumHappiness,3
9mmIsBestMillimeter,tpedes,1
9mmIsBestMillimeter,Telra,1
9mmIsBestMillimeter,vegetarianrobots,1
9mmIsBestMillimeter,richielaw,1
9mmIsBestMillimeter,benjalss,1
9mmIsBestMillimeter,punkthesystem,1
9mmIsBestMillimeter,jsled,1
9mmIsBestMillimeter,neuhmz,1
9mmIsBestMillimeter,wiseprogressivethink,2
9mmIsBestMillimeter,fluffy_butternut,3
Kromulent,MacBookPros,4
MacBookPros,theslimreaper2,1
RandallOfLegend,SomeCrazyGreek,3
Kevin75931,SomeCrazyGreek,9
SomeCrazyGreek,Zachman97,1
SomeCrazyGreek,SwagMasterD,1
SomeCrazyGreek,lilviolent,1
Eva-Unit-001,boottrax,1
Eva-Unit-001,evannever,15
Eva-Unit-001,OurGoneForrest,6
Eva-Unit-001,Kradget,3
Eva-Unit-001,LonelyMachines,4
Eva-Unit-001,WillitsThrockmorton,5
Blackbeard2016,Eva-Unit-001,3
Eva-Unit-001,StaplerLivesMatter,3
BelliimiTravler,Eva-Unit-001,1
Eva-Unit-001,SP4CEM4N_SPIFF,3
Eva-Unit-001,TacosArePeopleToo,3
Eva-Unit-001,Zac1245,3
Eva-Unit-001,neuhmz,1
Eva-Unit-001,razor_beast,1
Eva-Unit-001,weaponsfreed,2
El_Seven,Eva-Unit-001,2
Eva-Unit-001,Fendahl_core,2
28b1w28,Eva-Unit-001,1
Eva-Unit-001,dooyouevenlift,1
Eva-Unit-001,PokeCaptain,1
Eva-Unit-001,James_Solomon,2
Eva-Unit-001,KodiakAnorak,1
Eva-Unit-001,sofarfromapro,2
Eva-Unit-001,KnightsFan,3
Eva-Unit-001,NoFlo,1
Errk_fu,Eva-Unit-001,2
NinjaGinger666,PinguThePanzer,1
karmachanical,unclefisty,2
EveRommel,Sydex,1
BearingCharms,Sydex,1
Blackbeard2016,Sydex,3
FrankManic,Sydex,5
Sydex,toxic_badgers,1
ReachTheSky,Sydex,1
SloppySlinky,ursuslimbs,3
Bartman383,N7_Vanguard,2
N7_Vanguard,StuttBuffer,3
N7_Vanguard,SerendipitouslySane,1
Brotein92,N7_Vanguard,1
Happy1013,N7_Vanguard,1
MrBanditOne,N7_Vanguard,1
Seukonnen,tenmilez,1
Nate_Parker,Seukonnen,2
Seukonnen,vegetarianrobots,1
SecAmmend,Seukonnen,1
BrianPurkiss,Seukonnen,3
Seukonnen,pongo000,2
Seukonnen,fireston46,1
Seukonnen,parabox1,7
Seukonnen,standardtissue,3
Seukonnen,SomeDude9992,3
Projectile_Setback,Seukonnen,2
Blackbeard2016,Seukonnen,6
Seukonnen,my87target,3
MAC777,Seukonnen,1
AntiHasbaraUnit,Seukonnen,3
KodiakAnorak,Seukonnen,2
Seukonnen,evannever,1
Seukonnen,crackedoak,2
Plinthastic,Seukonnen,1
Seukonnen,unclefisty,5
Seukonnen,fidelitypdx,4
NSD2327,Seukonnen,2
Seukonnen,gogolmogol,12
Seukonnen,weaponsfreed,12
Seukonnen,dynosan,1
Seukonnen,SpinningHead,2
Seukonnen,bruin06,1
NoFlo,Seukonnen,1
Pliablemoose,Seukonnen,3
Seukonnen,razor_beast,5
Mini-Marine,Seukonnen,1
Cripple1989,Seukonnen,3
Kradget,Seukonnen,7
James_Solomon,Seukonnen,5
Seukonnen,muhwtvracct,1
LetFreedomPlink,Seukonnen,4
CasualCat2001,Seukonnen,1
Fendahl_core,Seukonnen,4
Seukonnen,rickthehatman,1
Ellisace,Seukonnen,1
Seukonnen,armchairracer,1
Seukonnen,revrogue77,3
ArmsBazaar,Seukonnen,2
FrankManic,Seukonnen,7
PAPPP,Seukonnen,1
Monkeyfeng,Seukonnen,2
Seukonnen,ponchato,1
OneInfinith,Seukonnen,1
Seukonnen,maddog1956,4
Georgy_K_Zhukov,Seukonnen,2
ROTLA,Seukonnen,1
Seukonnen,master_hakka,1
766AP,Seukonnen,1
Seukonnen,dangerous1955,1
MyLittleCake,Seukonnen,1
GGWAG,Seukonnen,7
Physical_removal,Seukonnen,2
The_Onyx_Hammer,Zac1245,2
The_Onyx_Hammer,sofarfromapro,4
ReachTheSky,smegma_toast,3
SomeDude9992,pongo000,1
SomeDude9992,fluffy_butternut,2
Bagellord,SomeDude9992,6
dooyouevenlift,neuhmz,1
Ronkerjake,todayilearned83,3
Blackbeard2016,todayilearned83,4
setthehook,yrn-gobe-chief,1
JediGeek,Xidus933,1
Freeman001,JediGeek,5
JediGeek,pongo000,2
JediGeek,Tisias,2
JediGeek,ZeroSumHappiness,2
DJLinFL,JediGeek,1
JediGeek,vegetarianrobots,1
Bagellord,JediGeek,2
JediGeek,benjalss,1
JediGeek,Physical_removal,4
BrianPurkiss,JediGeek,2
BelliimiTravler,JediGeek,1
JediGeek,LonelyMachines,1
SafeQueen,SirAlexofTardis,1
Projectile_Setback,SirAlexofTardis,1
Dingus_McDoodle_Esq,SirAlexofTardis,1
SirAlexofTardis,pongo000,1
Kromulent,SirAlexofTardis,1
SirAlexofTardis,armchairracer,2
BearingCharms,jmact1,1
Peynal,jmact1,1
jmact1,smegma_toast,1
jmact1,razor_beast,1
KazarakOfKar,verylittlefinger,1
KodiakAnorak,verylittlefinger,2
Blackbeard2016,verylittlefinger,1
A_Tang,verylittlefinger,1
TacosArePeopleToo,verylittlefinger,2
SceretAznMan,verylittlefinger,3
armchairracer,verylittlefinger,6
BelliimiTravler,verylittlefinger,1
verylittlefinger,vvelox,2
Isuspectnargles,verylittlefinger,1
Monkeyfeng,verylittlefinger,2
neuhmz,verylittlefinger,2
Farfromlukin,verylittlefinger,1
Kradget,verylittlefinger,5
FlyIggles_Fly,verylittlefinger,3
klinorhynchy,verylittlefinger,1
tpedes,verylittlefinger,1
ursuslimbs,verylittlefinger,2
shawmuttv2,verylittlefinger,2
dynosan,verylittlefinger,6
Eva-Unit-001,verylittlefinger,1
Naked_Bongos,verylittlefinger,1
mynameisalso,verylittlefinger,1
CDisawesome,verylittlefinger,1
Fendahl_core,verylittlefinger,1
DJLinFL,verylittlefinger,2
MaximusNerdius,lareform,2
KinksterLV,lareform,3
AlJimJuma,uninc4life2010,1
absentblue,cdlakes,3
jeterlancer,xXxWirtyXDoorxXx,3
RP61391,jeterlancer,1
Kevin75931,justfloatin,3
Cpt-Night,Kevin75931,3
Kevin75931,MAC777,2
CaptainCiph3r,knifeoholic,9
hg38,knifeoholic,2
Typicalsuspect,knifeoholic,1
coryandtrevorforever,nauticalmile,1
400HPMustang,bcphotog,2
Taco_lean,bcphotog,12
ReachTheSky,unclefisty,3
Fendahl_core,ReachTheSky,3
KodiakAnorak,ReachTheSky,4
ReachTheSky,iLolo,1
Cpt-Night,ReachTheSky,3
ReachTheSky,Telra,1
ReachTheSky,crustyAuklet,2
ReachTheSky,evannever,3
BrokenHal,ReachTheSky,1
ReachTheSky,lwapd,1
NoFlo,ReachTheSky,1
ReachTheSky,tpedes,2
ReachTheSky,ctophermh89,1
ReachTheSky,douche_packer,1
Impending_Dm,ReachTheSky,1
ReachTheSky,crackedoak,1
ReachTheSky,neuhmz,2
ReachTheSky,goofzilla,1
ReachTheSky,mrkurtz,1
ReachTheSky,theblackdane,1
Dave_Hulud,ReachTheSky,1
Blackbeard2016,ReachTheSky,1
Projectile_Setback,ReachTheSky,4
ReachTheSky,razor_beast,1
ReachTheSky,toxic_badgers,4
ReachTheSky,nobp,1
OmniaMors,ReachTheSky,1
ReachTheSky,nonestumptrump,1
ReachTheSky,sofarfromapro,1
ReachTheSky,bigdaddyz40,1
LockyBalboaPrime,ReachTheSky,2
ReachTheSky,karmachanical,1
JustMyOpinionz,ReachTheSky,1
ReachTheSky,g6mrfixit,1
Monkeyfeng,ReachTheSky,2
BlackArchHolsters,ReachTheSky,2
ReachTheSky,Velken,1
PokeCaptain,ReachTheSky,1
ReachTheSky,cocksherpa2,2
ReachTheSky,jvcreddit,1
James_Solomon,ReachTheSky,7
Phandango92,ReachTheSky,1
ReachTheSky,armchairracer,1
ReachTheSky,what_isnt,1
ReachTheSky,TacosArePeopleToo,1
RP61391,neuhmz,1
RP61391,pongo000,1
RP61391,TheSecurityGuyForYou,1
LonelyMachines,RP61391,2
RP61391,financeguy2096,1
AF79,RP61391,1
RP61391,patrat21589,2
RP61391,_barmo,1
BrenTen0331,RP61391,5
RP61391,Sirthatsmybutthole,3
E60fan,VongolaX10,1
blaspheminCapn,wyvernx02,1
pongo000,wyvernx02,1
neuhmz,wyvernx02,1
TheSecurityGuyForYou,wyvernx02,1
RoundSimbacca,wyvernx02,1
jsled,wyvernx02,2
CAD007,wyvernx02,1
ImJustaBagofHammers,wyvernx02,1
foghorn5950,wyvernx02,3
slkern,wyvernx02,1
DJLinFL,wyvernx02,2
wyvernx02,xXxWirtyXDoorxXx,3
pestilence,wyvernx02,4
Gbcue,codifier,1
CAD007,codifier,1
ILikeBigAZ,codifier,1
GGWAG,codifier,5
codifier,x5060,2
codifier,fluffy_butternut,2
Wichitawesome,ja1484,4
OGIVE,ja1484,2
j3evely,monkeymasher,5
absentblue,j3evely,3
Benassi,CaptainCiph3r,3
K3R3G3,sweatyswampass,1
BrenTen0331,K3R3G3,5
50calPeephole,LeVoleurdeParis,2
LeVoleurdeParis,Owenleejoeking,2
LeVoleurdeParis,PopeJohnsonAgain,8
LeVoleurdeParis,weaponsfreed,2
Kradget,jamiegc1,2
Goofalo,jamiegc1,2
bruin06,jamiegc1,1
ZeroSumHappiness,auraslip,1
Navydevildoc,ZeroSumHappiness,1
NoFlo,ZeroSumHappiness,1
ZeroSumHappiness,richielaw,1
RR50,ZeroSumHappiness,1
ZeroSumHappiness,evannever,5
ZeroSumHappiness,douche_packer,1
ZeroSumHappiness,crackedoak,3
Dave_Hulud,ZeroSumHappiness,1
FlyIggles_Fly,ZeroSumHappiness,1
StaplerLivesMatter,ZeroSumHappiness,1
LucienLibrarian,ZeroSumHappiness,4
Monkeyfeng,ZeroSumHappiness,3
Kradget,ZeroSumHappiness,8
ZeroSumHappiness,mynameisalso,3
Sydex,ZeroSumHappiness,1
ZeroSumHappiness,nonestumptrump,2
Blackbeard2016,ZeroSumHappiness,2
WangernumbCode,ZeroSumHappiness,6
SpinningHead,ZeroSumHappiness,2
ZeroSumHappiness,boottrax,1
SergeiMich,ZeroSumHappiness,1
ZeroSumHappiness,kungfujohnny,3
ZeroSumHappiness,legitimatemustard,9
28b1w28,ZeroSumHappiness,1
TheGreenShepherd,ZeroSumHappiness,1
Ronkerjake,ZeroSumHappiness,1
A_Tang,ZeroSumHappiness,1
Firestar463,ZeroSumHappiness,1
ZeroSumHappiness,souprize,1
TrapperJon,ZeroSumHappiness,2
Jayshwa,ZeroSumHappiness,2
TacosArePeopleToo,ZeroSumHappiness,1
ZeroSumHappiness,dangerous1955,1
ZeroSumHappiness,basketballdairy,1
ZeroSumHappiness,tellman1257,1
Fargonian,ZeroSumHappiness,1
ILikeBigAZ,ZeroSumHappiness,2
Bagellord,ZeroSumHappiness,1
DJLinFL,ZeroSumHappiness,1
ZeroSumHappiness,manyamile,1
ZeroSumHappiness,pongo000,4
ZeroSumHappiness,chrask,10
ZeroSumHappiness,prcrash,4
LonelyMachines,ZeroSumHappiness,1
ZeroSumHappiness,dynosan,4
GGWAG,ZeroSumHappiness,31
RP61391,ZeroSumHappiness,1
Physical_removal,ZeroSumHappiness,2
Cpt-Night,ZeroSumHappiness,1
The-Commandant,ZeroSumHappiness,2
ZeroSumHappiness,bfwilley,1
TheSecurityGuyForYou,ZeroSumHappiness,2
Bab5crusade,ZeroSumHappiness,1
ZeroSumHappiness,benjalss,3
ZeroSumHappiness,canderson199,1
BelliimiTravler,ZeroSumHappiness,1
ZeroSumHappiness,vegetarianrobots,4
ZeroSumHappiness,bespeak,1
ZeroSumHappiness,neuhmz,1
Freeman001,ZeroSumHappiness,1
28b1w28,BeefJerkyYo,2
28b1w28,ModernRonin,2
28b1w28,RampantAndroid,1
28b1w28,KazarakOfKar,2
Owenleejoeking,Trollygag,2
Micky_The_Brickey,Owenleejoeking,1
CobaltPhusion,Owenleejoeking,1
Owenleejoeking,ctophermh89,1
Owenleejoeking,StaplerLivesMatter,1
Owenleejoeking,toxic_badgers,1
BelliimiTravler,Owenleejoeking,1
Owenleejoeking,outfunned,1
BlackArchHolsters,POOTUS_,1
BlackArchHolsters,BrianPurkiss,1
BlackArchHolsters,fleetw16,1
BlackArchHolsters,rcdenn,1
A_Tang,BlackArchHolsters,2
BlackArchHolsters,unclefisty,1
BlackArchHolsters,puggerpillarXV,1
BlackArchHolsters,TrapperJon,2
Borgbox,mrkurtz,2
9mmIsBestMillimeter,mrkurtz,1
mrkurtz,razor_beast,1
mrkurtz,skalinas,1
Phandango92,mrkurtz,2
Blackbeard2016,Nate_Parker,1
Blackbeard2016,nonestumptrump,1
Blackbeard2016,The_Avocado_Constant,2
Blackbeard2016,Kevin75931,1
Blackbeard2016,InsiderSwords,2
Blackbeard2016,uninc4life2010,1
Blackbeard2016,Wichitawesome,2
Blackbeard2016,jsled,3
50calPeephole,Blackbeard2016,2
Blackbeard2016,Georgy_K_Zhukov,1
Blackbeard2016,KodiakAnorak,3
Blackbeard2016,LucienLibrarian,5
Blackbeard2016,ggarcimer15,2
Blackbeard2016,TacosArePeopleToo,4
Blackbeard2016,El_Seven,1
Blackbeard2016,evannever,2
Blackbeard2016,gogolmogol,1
Blackbeard2016,nascentia,2
Blackbeard2016,_pope_francis,1
Blackbeard2016,inputwtf,2
Blackbeard2016,GIANT_CAMERA,1
Blackbeard2016,Telra,1
Blackbeard2016,ManiacFoSho,2
Blackbeard2016,tausciam,2
Blackbeard2016,m37driver,2
BelliimiTravler,Blackbeard2016,4
Blackbeard2016,SpinningHead,2
Blackbeard2016,PhillipJCoulson,2
Blackbeard2016,akrondude93,1
Blackbeard2016,LockyBalboaPrime,2
Blackbeard2016,calicub,1
Blackbeard2016,legitimatemustard,2
Blackbeard2016,TheGreenShepherd,1
Blackbeard2016,Bongfu,2
Blackbeard2016,Monkeyfeng,2
Blackbeard2016,vegetarianrobots,3
Blackbeard2016,klinorhynchy,2
Blackbeard2016,rubbers0ul,2
Blackbeard2016,OneInfinith,1
Blackbeard2016,scubachris,4
Blackbeard2016,master_hakka,1
Blackbeard2016,NoFlo,1
Blackbeard2016,WangernumbCode,5
Blackbeard2016,Freeman001,3
Blackbeard2016,LonelyMachines,1
Blackbeard2016,razor_beast,2
Blackbeard2016,ZerrickiShadow,1
Blackbeard2016,pongo000,2
Blackbeard2016,pajamaphile,1
Blackbeard2016,Genocide3883,2
Chugbleach,fluffy_butternut,2
Chugbleach,ExpOriental,2
Chugbleach,Wichitawesome,5
Errk_fu,EveRommel,1
Errk_fu,KnightsFan,5
Errk_fu,vvelox,3
Errk_fu,LonelyMachines,4
Errk_fu,evannever,2
BrokenHal,PhillipJCoulson,1
CropDustinAround,adnmalik,1
CropDustinAround,SolusOpes,2
CropDustinAround,geekometer96,1
AntiHasbaraUnit,JFRHorton,2
CambridgeTransplant,JFRHorton,1
JFRHorton,justtanks,2
AHorseCalledNemo,auraslip,1
AHorseCalledNemo,FlyingPeacock,2
3percentoperator,nottedsanford,2
3percentoperator,superdick5,1
400HPMustang,pongo000,2
400HPMustang,RandallOfLegend,1
400HPMustang,GOA_AMD65,1
400HPMustang,GanalApe,7
400HPMustang,nottedsanford,1
400HPMustang,Obsidian743,1
400HPMustang,Deadren,1
400HPMustang,Wichitawesome,2
Fargonian,revrogue77,1
Fargonian,TacosArePeopleToo,1
Fargonian,vegetarianrobots,3
BearingCharms,Fargonian,2
Fargonian,pongo000,6
Fargonian,propshaft,1
Fargonian,TheSecurityGuyForYou,2
Fargonian,OGIVE,1
Fargonian,Fendahl_core,3
Fargonian,GGWAG,4
Fargonian,Freeman001,3
DemureCynosure,Fargonian,1
Fargonian,RoundSimbacca,5
Fargonian,alezit,1
Fedor_Gavnyukov,Physical_removal,1
Fedor_Gavnyukov,ningrim,1
Fedor_Gavnyukov,tdavis25,1
762mmFML,Fedor_Gavnyukov,1
Fedor_Gavnyukov,setthehook,1
Fedor_Gavnyukov,uninc4life2010,1
Fedor_Gavnyukov,GanalApe,2
Fedor_Gavnyukov,pongo000,1
DrinkMoreCodeMore,Fedor_Gavnyukov,1
Fedor_Gavnyukov,KazarakOfKar,1
Fedor_Gavnyukov,Russiangreyman,1
floorboardz,i_am_a_miserable_sod,2
Kradget,neuhmz,4
Kradget,curiouslefty,1
FortySmithWesson,Kradget,1
Kradget,mattbouldin,1
Kradget,Owenleejoeking,1
Fayedrus,Kradget,3
Kradget,LucienLibrarian,2
Kradget,boottrax,1
Kradget,jvcreddit,1
Kradget,The_Onyx_Hammer,1
Kradget,hannibalbustinthru,1
CasualCat2001,Kradget,5
Dave_Hulud,Kradget,1
Kradget,evannever,17
Kradget,cocksherpa2,1
Kradget,NoFlo,2
Kradget,tpedes,1
Kradget,nowitsataw,3
Kradget,douche_packer,1
Kradget,throwaway-and-junk,1
Kradget,goofzilla,1
Jalex8993,Kradget,2
Kradget,PokeCaptain,1
Kradget,StaplerLivesMatter,4
EveRommel,Kradget,1
Kradget,_pope_francis,1
Kradget,Telra,5
BenderB-Rodriguez,Kradget,1
El_Seven,Kradget,5
Kradget,jsled,1
Kradget,toxic_badgers,1
Kradget,nobp,1
010kindsofpeople,Kradget,1
Kradget,Mini-Marine,2
Kradget,LonelyMachines,1
Kradget,TrapperJon,2
Kradget,SwedishIngots,1
Kradget,mynameisalso,3
Kradget,PleaseStopCalling,3
Kradget,WangernumbCode,2
Kradget,unclefisty,3
James_Solomon,Kradget,3
Kradget,skalinas,5
Kradget,ReachTheSky,1
Goofalo,Kradget,3
Kradget,TheGreenShepherd,2
FrankManic,Kradget,3
BelliimiTravler,Kradget,2
Kradget,sofarfromapro,1
9mmIsBestMillimeter,Kradget,1
Blackbeard2016,Kradget,1
Kradget,wolfington12,3
Kradget,OurGoneForrest,2
Firestar463,Kradget,3
Kradget,Naked_Bongos,1
Da_Baicai,Kradget,1
Kradget,what_isnt,2
Kradget,fidelitypdx,6
Kradget,Plinthastic,1
Kradget,RealBACONATOR2,1
Kradget,vegetarianrobots,3
KazarakOfKar,Russiangreyman,1
50calPeephole,Russiangreyman,3
Russiangreyman,monkeymasher,1
50calPeephole,CambridgeTransplant,4
CambridgeTransplant,throwawaycxer,5
Blueovalfan,pongo000,1
James_Solomon,everetterice,3
everetterice,sofarfromapro,4
Ellisace,everetterice,2
everetterice,nowitsataw,2
everetterice,unclefisty,2
StaplerLivesMatter,everetterice,3
gwtwolcott,regularguyguns,2
KinksterLV,mendezjason,1
KinksterLV,pongo000,2
KinksterLV,hartk1213,1
BrianPurkiss,KinksterLV,3
KinksterLV,space_math,1
KazarakOfKar,KinksterLV,1
KinksterLV,regularguyguns,2
KinksterLV,Mini-Marine,3
KinksterLV,fidelitypdx,1
KinksterLV,NJ2A,1
GGWAG,KinksterLV,16
KinksterLV,MaximusNerdius,1
KinksterLV,Plinthastic,1
KinksterLV,RoundSimbacca,2
Fargonian,KinksterLV,1
CDisawesome,KinksterLV,7
KinksterLV,TheSecurityGuyForYou,2
KnightsFan,unclefisty,2
KnightsFan,LonelyMachines,2
9mmIsBestMillimeter,KnightsFan,1
KnightsFan,skootchingdog,2
InsiderSwords,KnightsFan,1
IfSantaWasAsian,KnightsFan,1
KnightsFan,Plinthastic,2
El_Seven,KnightsFan,1
KnightsFan,smegma_toast,1
KnightsFan,youlostthewarwehrs,1
KnightsFan,combatwombat-,2
KnightsFan,verylittlefinger,1
KnightsFan,StaplerLivesMatter,1
Kim_Jong_Deux,KnightsFan,1
KnightsFan,libteatechno,1
Princeso_Bubblegum,tenmilez,2
pongo000,tenmilez,1
SpinningHead,unclefisty,4
SpinningHead,The_Onyx_Hammer,1
SpinningHead,crackedoak,5
SpinningHead,gogolmogol,1
ManiacFoSho,SpinningHead,1
BenderB-Rodriguez,SpinningHead,1
SpinningHead,razor_beast,2
SpinningHead,combatwombat-,1
SpinningHead,m37driver,1
SpinningHead,Telra,3
SpinningHead,tausciam,2
SevenGlass,SpinningHead,4
SpinningHead,tpedes,1
SpinningHead,nerdyshades,2
SpinningHead,vvelox,1
SpinningHead,dynosan,2
A_Tang,SpinningHead,1
SpinningHead,armedliberalinmo,3
SpinningHead,pongo000,1
CDisawesome,SpinningHead,3
Laphroaig18Lover,SpinningHead,2
LonelyMachines,SpinningHead,4
DreadGrunt,SpinningHead,2
ILikeBigAZ,SpinningHead,1
SpinningHead,Wadsworth34,1
SpinningHead,blaspheminCapn,2
AdamusKane,Evil_Merlin,7
Evil_Merlin,Hesalite,13
LonelyMachines,tpedes,3
HeatherHoneydew,tpedes,1
evannever,tpedes,3
Peynal,tpedes,3
SnappleFunFact,tpedes,5
OurGoneForrest,tpedes,1
Projectile_Setback,tpedes,1
NSD2327,tpedes,1
Jalex8993,tpedes,1
Fendahl_core,tpedes,1
razor_beast,tpedes,4
sonofturbo,tpedes,3
tpedes,weaponsfreed,1
StaplerLivesMatter,tpedes,1
WangernumbCode,tpedes,2
Sydex,tpedes,1
Ellisace,tpedes,1
ArmsBazaar,tpedes,1
Seukonnen,tpedes,1
OmniaMors,tpedes,4
FrankManic,tpedes,1
Cripple1989,tpedes,1
tpedes,vvelox,1
armchairracer,tpedes,1
AustraliaForTrump,GeisterImZimmer,1
Jalex8993,armchairracer,1
Dave_Hulud,armchairracer,1
armchairracer,razor_beast,1
KnightsFan,armchairracer,1
Ellisace,armchairracer,1
TheGreenShepherd,armchairracer,1
Firestar463,armchairracer,1
James_Solomon,armchairracer,3
Notorious_Dave,thestormnmormn,6
Fayedrus,auraslip,7
Fayedrus,neuhmz,1
Fayedrus,KodiakAnorak,4
Isuspectnargles,ampfin,2
GGWAG,ampfin,3
The_Crover,monkeymasher,1
Micotu,The_Crover,1
Schutzstaffel1488,sofarfromapro,2
h34vier,jackjr68,2
gogolmogol,neuhmz,3
El_Seven,neuhmz,3
