author,mean_score,leaning
PonyDev,0.05272234966666667,antitrump
I_ONLY_COMMENT_FUCK,0.11167746,antitrump
ActivistZero,0.94498074,protrump
seeminglyanonymous,0.39034170799999995,antitrump
ShadowBoogers,0.6224097,protrump
-redditardation-,0.5161890435,neutral
Citadel-Rick,0.9517764000000001,protrump
DebateConserv,0.98443604,protrump
Saucypikl,0.331209945,antitrump
BLegg1,0.9766378499999999,protrump
ScottVandeberg,0.442359499,neutral
creeper_swan,0.074773305,antitrump
spellingerror,0.036811452,antitrump
Anti_Citizen_Floyd,0.027793234,antitrump
Misandristbitch,0.6009959727455881,protrump
drdook,0.0128857771,antitrump
TheBridge422,0.9878370000000001,protrump
isasweetpotato,0.98365754,protrump
ahainen,0.015187694,antitrump
teerrioo,0.3532176617428571,antitrump
project769,0.9793707133333335,protrump
ShaqFuGrandMaster,0.11235654,antitrump
still_kickin,0.09133735400000001,antitrump
DECAThomas,0.9415193199999999,protrump
Kayehnanator,0.0216976285,antitrump
hot_as_a_toaster,0.17101878,antitrump
NovoOrdo,0.031579968,antitrump
ZackSabreJr,0.025746272999999997,antitrump
jeromelold,0.94754356,protrump
Hamburglar_13,0.08815773,antitrump
Boomie789,0.2754542350833333,antitrump
CapResearchCenter,0.627792852875,protrump
1d2g,0.80069304,protrump
lsutigerfan225,0.92896026,protrump
mummyroyal,0.076233774,antitrump
The_Pale_Blue_Dot,0.9858947,protrump
Significant_Airline,0.22976808628571427,antitrump
windmillajaro,0.2400920448,antitrump
CraftBeerMountaineer,0.91921935,protrump
ColdheartedTouchline,0.9778447,protrump
pplswar,0.06707145399718309,antitrump
Cramil,0.469996802,neutral
HouseSlytherin,0.09707416599999999,antitrump
craftcorners,0.027865020875000004,antitrump
RobertGOTV,0.9944721475,protrump
Piratesfan02,0.9385067,protrump
pinchegringotrump,0.058246158,antitrump
gaminger222,0.9936644,protrump
CoolPaleontologist3,0.08512355269230769,antitrump
CypherWolf21,0.040153235,antitrump
burrichthebold,0.4839932105,neutral
nonpartnews,0.18066183675000003,antitrump
mrstickball,0.22137440980000003,antitrump
muffinman317,0.9087533000000001,protrump
RaitoTento,0.39709581000000005,antitrump
ThatGuyFromOhio,0.5149485725,neutral
iDEAPiTpodcast,0.6041902093615384,protrump
tenshon,0.25783166568850574,antitrump
ChapterOne_Loomings,0.98831624,protrump
SleepyGary5,0.99622834,protrump
nobodiesninja,0.34694982,antitrump
benjonesnz,0.08496906,antitrump
the_invisible_jihadi,0.013995530499999999,antitrump
cogneuro,0.35214004666666665,antitrump
redditor01020,0.426620793296,neutral
twinkletwit,0.5335864830235294,neutral
very-stable-genuis,0.333661084625,antitrump
pnyka-assembly,0.00678369545,antitrump
Raphael__Lemkin,0.12597765,antitrump
Mkbond007,0.51319754,neutral
jamalwhite70,0.10178814499444443,antitrump
thelingz,0.3848876866666667,antitrump
silverwolfer,0.3378329228461539,antitrump
MrZer,0.4318278144285715,neutral
TrackerChick25,0.17720545166,antitrump
eulers__number,0.8681859171428572,protrump
t3r3r3,0.9962254999999999,protrump
Grogzenborg,0.991835,protrump
HumbertoHudson66,0.01565244,antitrump
TrustThyself,0.016935771000000002,antitrump
Moss_Grande,0.6615070142333334,protrump
RarelySayNever,0.9978098,protrump
MeetMarisMedius,0.9976247149999999,protrump
IFuckingAtodaso,0.9875119000000001,protrump
jaquefroid,0.9964553,protrump
budderboymania,0.6803145366666667,protrump
politicsandpolicy2,0.7137654900000001,protrump
powercat_17,0.2595712,antitrump
ZeDoubleD,0.991109775,protrump
sasquatch_pants,0.6514353976666666,protrump
WIlf_Brim,0.6060270466666667,protrump
jrakajbird,0.99665487,protrump
hundycougar,0.6698352366666667,protrump
Mildly-Interesting1,0.98447603,protrump
MichelleUprising,0.029410183,antitrump
Groggster11,0.7067180677142858,protrump
beepboopdootthespook,0.981173815,protrump
IndigoCultist,0.99500066,protrump
fightforthefuture,0.061235501299999995,antitrump
PBR_Sheetz,0.9977957000000001,protrump
mama-meeya,0.649625,protrump
JeanPicLucard,0.38608648605,antitrump
AdventureMan5000,0.99301296,protrump
powest02,0.36273944537499997,antitrump
jahreed,0.0052341,antitrump
flyfish50,0.06418103,antitrump
CtrlAltDefeat22,0.037244967999999996,antitrump
EnvironmentalMarket9,0.42007422117845294,neutral
M74,0.031684632500000004,antitrump
YouHaveTakenItTooFar,0.010758354,antitrump
Caltex88,0.492895685,neutral
TommBomBadil,0.014360566000000002,antitrump
QualityOfRead,0.98797464,protrump
er5y,0.512776295,neutral
gadrummer93,0.98196274,protrump
itsnotthemitsyouse,0.9730380999999999,protrump
protothema,0.034535073,antitrump
geniunelycurious,0.9411076700000001,protrump
SarkastikWorlock,0.7426153185,protrump
CodeSpace333,0.95403525,protrump
SgtLuchs,0.014594478000000001,antitrump
babylon-by-bus,0.99592906,protrump
My2centsIsOverpriced,0.020610843,antitrump
donosizer,0.017068341,antitrump
NoImDaverick,0.01025918,antitrump
ElderAcorn,0.04000535,antitrump
ZIPPERGAMES,0.34120506,antitrump
MarkdownShadowBot,0.05084206696,antitrump
pabby_g,0.9961416,protrump
andrewboris87,0.28921086,antitrump
Dolu26,0.256814326,antitrump
fgator5220,0.9811551,protrump
shibeKBVE,0.45743424862453985,neutral
Artgod,0.22128275,antitrump
Capitalism_sucks1,0.8765839333333334,protrump
Nighthawkboss121,0.051555704,antitrump
thisisntchuck,0.117844175,antitrump
gorillaswithcredit,0.4986954059166666,neutral
xXxPhantomxXx,0.30827150200000003,antitrump
espionage0110,0.92602503,protrump
throwaway13121111,0.048245429,antitrump
10gauge,0.611275735492857,protrump
NotAFork,0.051852137,antitrump
datbakerboi,0.9045137816666666,protrump
superdude411,0.29158831845,antitrump
BigDuckWithABigBus,0.9616963,protrump
HailMantaur,0.051022895,antitrump
tapeonyournose,0.8175990259999999,protrump
abenyishay,0.008508854,antitrump
BassFaceBasher,0.07148114,antitrump
zugi,0.04408461,antitrump
ohsnaaap,0.0151734855,antitrump
ClockOfTheLongNow,0.058956444000000004,antitrump
RelevantField,0.015142079999999999,antitrump
Dem_Debb,0.44774494249999996,neutral
devil_advocacy,0.0314246895,antitrump
MecatolHex,0.267744395,antitrump
Mymainaccgotbanned,0.4215045833333333,neutral
enomrisan450,0.022733398,antitrump
dogpatches,0.011973552,antitrump
hopopo,0.01728047985,antitrump
YallDumbAsHellLmao,0.037759688,antitrump
buttcanudothis,0.5952723000000001,neutral
washowe616,0.7552621666666667,protrump
darwulf,0.0474717115,antitrump
Cycle21,0.014692013799999999,antitrump
RSTVideoCustomerHelp,0.5100421975,neutral
HammerofSJWs,0.5647675999999999,neutral
three3thrice,0.32346076,antitrump
swiet,0.5968914242121214,neutral
julifeline,0.9905351,protrump
Man_With_A_Shoe,0.7521827000000001,protrump
TheJellyTruck,0.56131417,neutral
c_ward5,0.6066318626,protrump
maddcovv,0.40362245,neutral
Beenodiep1214,0.297769816,antitrump
InstallDjentoo,0.98960567,protrump
merkkshowx,0.0399978445,antitrump
Platinum247365,0.8874907330769233,protrump
hudgepudge,0.039823957,antitrump
GuidanceInTheDark,0.4438071874,neutral
Magician-of-Renown,0.25201905,antitrump
_butt_cheeks_,0.796693595,protrump
Moonthrower,0.7461321966666667,protrump
tta2013,0.012403302480000001,antitrump
getupkid1986,0.06881663,antitrump
fordybrah,0.06976431533333334,antitrump
richardguy,0.21767994543076924,antitrump
GackZalifianakis,0.02148485625,antitrump
TastyPandaaa,0.019579046000000003,antitrump
Inox-steel,0.99338114,protrump
ireallyd0ntknow,0.07859922,antitrump
Therealegtc,0.98822904,protrump
_machineswithin_,0.95604813,protrump
-TB12-,0.6718339833333333,protrump
soccer_elephant,0.9162778,protrump
LavenderGumes,0.05669074,antitrump
oberlre02,0.5129137109999999,neutral
Eclipse-Liam,0.055792075,antitrump
saltygipsy,0.07078125,antitrump
GroundbreakingCry9,0.02972204,antitrump
Rabmonk006,0.01132196625,antitrump
psyroptus,0.12452629,antitrump
Annoying_Boss,0.7060115988,protrump
CoolMethod,0.5541784647272728,neutral
students4speech,0.006963541700000001,antitrump
judiff13,0.252711985,antitrump
everetterice,0.016440043485714286,antitrump
zoonami,0.4790194403333334,neutral
Cusconillow,0.6554597824999999,protrump
LebaneseGangsta,0.9856882,protrump
regular_john2017,0.28759011828571435,antitrump
Cobbleer,0.023434034,antitrump
all_of_the_cheese,0.5212910287142857,neutral
Ronnie_Bright,0.9959139000000001,protrump
searchingformytruth,0.4931383665,neutral
Lego_Bagel,0.9892811,protrump
MetsMan71,0.480717158,neutral
acgj2212,0.7783276687999999,protrump
jan191999,0.95645636,protrump
Cosmicreature,0.6445967766666666,protrump
SociopathicCamper,0.3027088772062501,antitrump
etherealfiction,0.606378165,protrump
le-bistro,0.6082437,protrump
Backstablink,0.4835530565000001,neutral
Hatzer_,0.9509205,protrump
scordev,0.9510187,protrump
Guadalupe8751,0.96058005,protrump
stonedandlurking,0.03190444,antitrump
TexasForCruz,0.9968531999999999,protrump
Ariikuto,0.9901606,protrump
CTGOP92,0.047359437000000004,antitrump
likely_an_asshole,0.67515755,protrump
DeadheadTruckin,0.47727012199999996,neutral
BeneficialLine,0.015233161,antitrump
Mike_the_Monsta,0.014712042,antitrump
gaylorf,0.038047995,antitrump
HagalaziraR,0.9957246999999999,protrump
Jaydenheh,0.9899568000000001,protrump
ColinMc18,0.537383,neutral
24Preludes,0.541898043,neutral
KeithKATW,0.50124868375,neutral
Stumplestiltzkin,0.521905772,neutral
flyoverfandom,0.8087964,protrump
throwawayMF1988,0.1468934,antitrump
speedinghelpil,0.49004944125,neutral
Vmoney88,0.5176807099999999,neutral
allnamesaretaken45,0.18166148916666666,antitrump
guidetti324,0.10588351,antitrump
Mrmelonman001,0.82203877,protrump
SomeoneStopMePlease,0.9422543525,protrump
TheFatMan2200,0.015627386,antitrump
HODLTID,0.9662393,protrump
TriscuitAverse,0.9952721999999999,protrump
maryseedofwisdom,0.07462665,antitrump
Carlesimo,0.92976207,protrump
lovewhomever,0.6436213000000001,protrump
aguysomewhere,0.02534283,antitrump
hisverbisdictis,0.011183397,antitrump
cfiricky,0.50546664,neutral
thotwhosquats,0.9197765,protrump
teabaggin4trump,0.5549782666636364,neutral
game46312,0.041959674,antitrump
boundbythecurve,0.020990535,antitrump
The_Informed_Dunk,0.5166583425,neutral
John_Locke_1632,0.392072768,antitrump
scrantonstrangler06,0.3200059575,antitrump
jigantie1,0.5543180555454547,neutral
themetalfriend,0.35150464428571426,antitrump
Mmclaughlin229,0.028469058,antitrump
BBC_Merlin,0.96181303,protrump
gerwer,0.017477548,antitrump
James_Rustler_,0.90968092,protrump
tmffa7388,0.021040317000000003,antitrump
chickendickaroo,0.08189714,antitrump
GJMacRae,0.0038832809999999997,antitrump
TrumpsTwitterIntern,0.2681297035,antitrump
dameronsunited,0.029365007000000002,antitrump
flaamed,0.12955976712608694,antitrump
amishgoatfarm,0.08051269,antitrump
Ennion,0.90562923,protrump
Frozen_,0.536476156,neutral
the7gee,0.34799896500000005,antitrump
IllustriousProof2,0.73368156,protrump
ErasmusLongfellow,0.95557123,protrump
Rilo12,0.9175787000000001,protrump
Everything4Everyone,0.18707475699999998,antitrump
dothestarsgazeback,0.019867153999999998,antitrump
Theunwoke2,0.99710125,protrump
fucking_cia,0.03202117,antitrump
greyaffe,0.38038579599999994,antitrump
literaliberal,0.60450542875,protrump
therecordcorrected,0.038782923818369314,antitrump
-rba-,0.14575021,antitrump
HippyDippyCommieGuy,0.4100448785714286,neutral
MakeGeorgiaHowlAgain,0.18198984999999998,antitrump
lmaoborghini,0.99686795,protrump
nillafrosty,0.8918155000000001,protrump
ArchbishopOfVoat,0.3032389365,antitrump
Calfredie01,0.492572295,neutral
Mellow_out_dude,0.005040712399999999,antitrump
Torbrowseruser911,0.993294085,protrump
TheDeplorablesBook,0.516254720625,neutral
vorcazm,0.48937210379999996,neutral
Mighty-Lu-Bu,0.655802256,protrump
el-gringo-alto,0.9477246,protrump
Jwaeren,0.99711215,protrump
Mr_Rivera,0.98078567,protrump
rick_flair_chop,0.0994914,antitrump
REducation1,0.9880376200000001,protrump
CarverOfPawns,0.41843509980000004,neutral
codyftu,0.6528369866666667,protrump
TheGregKelley,0.97370535,protrump
Ihazissuesdude,0.9863569166666667,protrump
rodsn,0.9960684999999999,protrump
PurpleHouseSlippers,0.025867357999999997,antitrump
jmbsc,0.015450465,antitrump
lookoutnow,0.012908019,antitrump
this_joke_sucks,0.55660225,neutral
macfuego,0.45718086016666665,neutral
mastaxn,0.5099480662499999,neutral
I_BombAtomically,0.99706465,protrump
SouthHooksett,0.8830322,protrump
fredflintstone222,0.50665379275,neutral
setdx,0.055571932000000004,antitrump
forknox,0.005736130999999999,antitrump
yaboiskinypenis,0.9948921000000001,protrump
cajunace,0.021705447000000003,antitrump
Gibby121200,0.9915656000000002,protrump
the_dink_ster,0.10526410000000001,antitrump
MrFurious420,0.18515386,antitrump
shallah,0.1466873845,antitrump
asdtyyhfh,0.5808167370571428,neutral
dont_ban_me_please,0.050867517857142865,antitrump
OriginalSkyCloth,0.8013764108,protrump
blaspheminCapn,0.37599292234375,antitrump
LivingSanely,0.9954052,protrump
lamig36,0.05444580925,antitrump
redd9,0.23029615166666664,antitrump
BovineLightning,0.012105717000000002,antitrump
mongoosedog12,0.015748037,antitrump
EasternBirthday,0.16522649,antitrump
TheWaterTemple,0.401073329875,neutral
Leone_Granchio,0.756748191875,protrump
Six_Fate,0.5480914000000001,neutral
kyngston,0.42430384925,neutral
anon20202,0.6594199353333333,protrump
dylvyl,0.96753836,protrump
KaChoo49,0.68308787,protrump
spacetravelmaster,0.15285379,antitrump
BuublesG2A,0.9576694,protrump
Youreridiculous,0.07396496,antitrump
MerchandiseMan,0.34999780999999996,antitrump
renjo689,0.053644611,antitrump
JohnBravo9990,0.2806108056666667,antitrump
Qistruth,0.7809614960000001,protrump
chronorin,0.99697256,protrump
libertylake,0.7763460526,protrump
nationalsyndicalist,0.80419356,protrump
nixfu,0.4406080178365854,neutral
chisau,0.4436189572352941,neutral
aboardthegravyboat,0.74887971,protrump
ObberGobb,0.9699065,protrump
DeedlesMcsteve,0.24933385500000002,antitrump
TrumpOutrageReminder,0.0151886895,antitrump
demoloition,0.9867856333333332,protrump
flyingelephantom,0.9229715000000001,protrump
TheRealPariah,0.02717396,antitrump
CAndrewK,0.04028517533333333,antitrump
h_carnes34,0.992015,protrump
8aLatina,0.9901771,protrump
dejan_91sa,0.2677403106411764,antitrump
damnit_darrell,0.9749559999999999,protrump
Political_Drawings,0.99032974,protrump
JohnnyWadd23,0.05456619,antitrump
EdgeLord45,0.3336636948541667,antitrump
wheelman_,0.20998423,antitrump
HopefulList,0.0518759,antitrump
Leafs_99,0.33520275366666663,antitrump
wgcole01,0.6757681671666665,protrump
Thunderbolt747,0.9913146999999999,protrump
iknoweverything22,0.9963671999999999,protrump
High_Im_Lo,0.026002334,antitrump
Rollinghard2,0.7367506318181818,protrump
Sem_Fletcher,0.09624050599999999,antitrump
VladPepes,0.021090192999999997,antitrump
JeffreyDwagon,0.98992026,protrump
canfbar,0.31613274867083324,antitrump
A_Giant_Fraction,0.96462685,protrump
Scorpion5444,0.9885943000000001,protrump
BurntKumquat,0.054306716,antitrump
IcarusFlies7,0.09791779,antitrump
Dobbythehouself,0.37192112,antitrump
Eater-of-Tacos,0.0307295,antitrump
Surfcasper,0.9912185,protrump
WaffleTree802,0.028615313,antitrump
OpyDopey,0.9688959,protrump
SchweppedMeOffMyFeet,0.5014125665,neutral
AppropriateCrab,0.07133751,antitrump
danieljamesgillen,0.08996629,antitrump
texastazzie,0.97957075,protrump
blackisthenewred,0.5872255,neutral
wheremylegGo,0.442722012,neutral
sorryimdrunk402,0.1672504257333333,antitrump
CNNJimAcosta,0.9930159,protrump
PenisTorvalds,0.9782970999999999,protrump
bkady,0.16519867,antitrump
ClallamBay,0.19175299,antitrump
JulesVelour,0.008987255,antitrump
Bert-Goldberg,0.3736480445357143,antitrump
CupcakeCrusader,0.97747874,protrump
slatestorm,0.10825786,antitrump
thiccsupreme,0.006335979,antitrump
BushWeedCornTrash,0.9793345999999999,protrump
SillyGator,0.9902506999999999,protrump
HeinStabilo17,0.159175703,antitrump
SaucesOfFieri,0.03651603,antitrump
buttnig8888,0.70821905,protrump
AccountAttempt2,0.743733487,protrump
czescwitamy,0.5783597,neutral
bad_luck_charm,0.5472445925,neutral
top-perro,0.4430713178181818,neutral
td1205,0.054560545999999994,antitrump
Blasphemy4k,0.5006069135,neutral
rdprice04,0.019765707,antitrump
Lars_El,0.24966125,antitrump
kheroth,0.027090307,antitrump
impossible_panacea,0.9435893,protrump
Pingpud,0.62929165,protrump
0wnthelibs95,0.2865383878333334,antitrump
SoLoDas,0.92602503,protrump
Preahte,0.052969797,antitrump
Moxy79,0.92520207,protrump
EarlGrey171,0.9957280999999999,protrump
Mooshtonk,0.15803179666666667,antitrump
ahohmamo8,0.057509627,antitrump
ncmoore1986,0.037869021999999995,antitrump
unburnt_khaleesi,0.014398133,antitrump
wired8888,0.25399257133333336,antitrump
Yoshithesurgeon,0.035034395,antitrump
Sugarysam,0.013127547,antitrump
jimmytheclapclapper,0.558289945,neutral
andrewsaysTV,0.99673754,protrump
freehaus_brewing,0.04253199,antitrump
ThePandaArmyGeneral,0.96794116,protrump
raider101xy,0.9980849,protrump
SpitFlame,0.2874947275,antitrump
InterventionPenguin,0.536206415,neutral
GreenHornet02,0.07543977,antitrump
it_be_david,0.253761828,antitrump
sXehero137,0.25187764075,antitrump
A_Vegan_Vampire,0.26149954249999996,antitrump
WheresSmokey,0.9493421499999999,protrump
jhan1,0.056490988,antitrump
bozo-dicktoot,0.597667337925,neutral
ThePeoplesResistance,0.2707847172,antitrump
HUNDmiau,0.9675309000000001,protrump
kike_shill,0.37886263800000003,antitrump
thebosstiat,0.37158674,antitrump
Omnizoa,0.4602126979285715,neutral
Mar_390,0.16822224132,antitrump
HotDinnerBatman,0.01175698125,antitrump
Nerakus,0.057827104000000004,antitrump
stevenjo28,0.6704986499999999,protrump
limoz33n,0.9894348,protrump
cindieephilipdc,0.9888996999999999,protrump
RaptorDeJesus,0.18986941300000001,antitrump
arbu0017,0.30318310375,antitrump
theyellowjew,0.94556135,protrump
pacollegENT,0.030753205,antitrump
GeraldFiore,0.5008650455,neutral
tth2000,0.0757336465,antitrump
Zombiegamer8611,0.9560287000000001,protrump
GFZDW,0.04962826155,antitrump
gwh811,0.018182963,antitrump
justhere2havefun,0.21948404839999996,antitrump
LiverpoolFc4everSG8,0.017097535,antitrump
1TARDIS2RuleThemAll,0.11391966,antitrump
timidteddy,0.4433069255714286,neutral
dreamo95,0.027603516,antitrump
AHLondon,0.031172528666666668,antitrump
Fantasticchonch,0.024875422999999997,antitrump
DasFunke,0.85735977,protrump
RoyalComedy_,0.99559504,protrump
system_exposure,0.1633522529054054,antitrump
Buckshot1,0.4042581681731706,neutral
LemonTheFish,0.028163055,antitrump
ItzComicArmy,0.07060816,antitrump
-rabid-,0.52888878625,neutral
aga_blag_blag,0.7388418434,protrump
ILoatheNickCage,0.47191538,neutral
NiceSasquatch,0.14859271,antitrump
sp33dyv,0.79045415,protrump
Havebaconwilltravel,0.1475086244470588,antitrump
DeonBradley,0.028916677000000002,antitrump
NotJ5,0.1721188,antitrump
TheSausageKing,0.92865425,protrump
Colonel-T,0.08697782,antitrump
pachonga9,0.07701743400000001,antitrump
SuperCharged2000,0.5804334559107993,neutral
imgroovy,0.0119670555,antitrump
nthdayoncaprica,0.013055619,antitrump
ANormalGamer,0.489622775,neutral
Booderr,0.8922575999999999,protrump
igor9805,0.05016755,antitrump
bethanyk98,0.9820839,protrump
JoeysWorldTourMRE,0.5153916470000001,neutral
ThatsCyrilFiggis,0.23312138,antitrump
LibertarianExpert,0.6360952348583333,protrump
darkdragon220,0.32469374,antitrump
AllInOneGaming,0.99444157,protrump
reidsvilleprogress,0.020849362,antitrump
Hopsingthecook,0.414466197,neutral
aglagw,0.141348358625,antitrump
UncleLukeTheDrifter,0.1544274,antitrump
Jackalope144,0.507073757,neutral
BPOTOBPOBD,0.015646609,antitrump
its-trivial,0.96032554,protrump
BlaketheCommGuy,0.024568887,antitrump
BanditMcDougal,0.39519557,antitrump
Astalano,0.2952169523333334,antitrump
siouxsie_siouxv2,0.06499727925,antitrump
chickenoflight,0.9878743249999999,protrump
SilentCartographer--,0.97965413,protrump
diosmioman,0.0840012,antitrump
bh2005,0.978641,protrump
CreadigolUsername,0.0246133675,antitrump
StudiodeKadent,0.0459754,antitrump
Cruetes,0.0750852005,antitrump
rosag60,0.66193452,protrump
BoldlySilent,0.050854865,antitrump
MassTooter,0.94802034,protrump
yeety_boi_88,0.08548950400000001,antitrump
Misesismyhomeboi,0.9809662333333332,protrump
Vote4ApprovalVoting1,0.24332296959999997,antitrump
Jefp005,0.09480024,antitrump
KekistanJake,0.0337360665,antitrump
buy_iphone_7,0.08981030376086954,antitrump
jpc4901,0.044895735,antitrump
solidsneko,0.052963607,antitrump
ProudToBeAsian202,0.9873865,protrump
pokemasterflex,0.268305103,antitrump
86matzoball,0.11966802000000001,antitrump
detrivorous,0.9643010666666667,protrump
denverkris,0.542785865,neutral
RingGiver,0.49271515669583327,neutral
red_carpet_hero,0.01088047,antitrump
thrasumachos,0.012224981000000001,antitrump
TheNoobishDude,0.9449626,protrump
Hendrixxxxxx,0.2772482076666667,antitrump
Dieabeto9142,0.012459887499999999,antitrump
uprootedgrunt34,0.55283266,neutral
shelfsauce,0.07153714,antitrump
PlayStationYSTea94,0.9918321299999999,protrump
Not_ken_dorsey,0.056136075,antitrump
Jaydonk,0.060407229166666666,antitrump
Mysterions,0.009687544000000001,antitrump
jhick107,0.017915012,antitrump
Buffetfroid,0.045080755,antitrump
arbivark,0.05514534,antitrump
girllawyer,0.5313165827407408,neutral
throwawayo12345,0.0065115336,antitrump
VivianReynoldsy,0.07459426,antitrump
Sebastiannotthecrab,0.857379575,protrump
ok_fucku,0.9119894000000001,protrump
BradGroux,0.99635714,protrump
xoites,0.04973060645454546,antitrump
pairedox,0.9818162,protrump
Instaconfused27,0.044054847333333334,antitrump
SideTraKd,0.4759997015,neutral
JimsJarOfMustard,0.9874549000000001,protrump
GtaBestPlayer,0.21908155,antitrump
MuricaToday,0.028027152,antitrump
harshlaxative,0.23192956,antitrump
NationalSatanist,0.4327497925,neutral
airtrafficdenyer,0.15439815,antitrump
beginagainandagain,0.5036155205,neutral
miltondepeyracpeyran,0.4325581707142857,neutral
Sapajaz,0.52004857,neutral
madhav2812,0.055540334000000004,antitrump
funny_germans,0.333511402,antitrump
lock955,0.26408963975,antitrump
johntempleton,0.010547766,antitrump
_My2_Cents,0.18405340074999998,antitrump
MisterMet,0.009761842,antitrump
MeLlamoBenjamin,0.5094851735,neutral
xmpw,0.9191033500000001,protrump
Berowulf,0.5515082075000001,neutral
b111ybob22,0.95751673,protrump
ruthlesssavagehatred,0.1818106535,antitrump
Villa127,0.98137605,protrump
zeperf,0.076835155,antitrump
bluewatch7,0.9717129000000001,protrump
james33299,0.2061706082857143,antitrump
Socialistslayer,0.98984443,protrump
_JustDefy_,0.008795305,antitrump
dansmith_byu,0.995684745,protrump
ljmiller62,0.520033286,neutral
ScaryLapis,0.028713299999999997,antitrump
R-alph-a,0.5125401370000001,neutral
Latinboy714,0.8981959333333333,protrump
nisebblumberg,0.38481246918749995,antitrump
AventadorO,0.029795941,antitrump
jakealmighty116,0.8875885,protrump
FeartheChillGod,0.082442618,antitrump
Absolute-Un1t,0.08348184066666665,antitrump
LaconicLacedaemonian,0.9905408575000001,protrump
dorflam,0.8649874,protrump
Paco_Bell,0.0040813,antitrump
nihilism_squared,0.99361974,protrump
MathesonKwik,0.044057224000000006,antitrump
MicarHaua,0.53792697,neutral
CoffeeKisser,0.983633,protrump
timshel_life,0.16474324371428573,antitrump
CPerryG,0.07191598,antitrump
Nolanwilson,0.784125,protrump
debtorsheathledger,0.3789729957619048,antitrump
ciceroposters,0.0064824536,antitrump
tomcmustang,0.017227278999999998,antitrump
binaryfinary99,0.004570197,antitrump
Et12355,0.57232703,neutral
TrudeauGotPlattitude,0.9936799999999999,protrump
TheAngryFetus,0.98520017,protrump
CasedOutside,0.9572208000000001,protrump
booblitchutz,0.116420224,antitrump
ExecOrder,0.8412967333333333,protrump
TurdWaterMagee,0.023915099,antitrump
nol_the_trol,0.98814875,protrump
__howzat__,0.07340159,antitrump
matnabby,0.016802268000000002,antitrump
JimmyElectron9114,0.94085348,protrump
SandyBouattick,0.5035464099999999,neutral
TheBushDoctrineIsGud,0.21126032079999998,antitrump
JoeDimeck,0.14790676517307694,antitrump
GermanLorca,0.052949055999999994,antitrump
secretary_of_dreams,0.05010823,antitrump
johnjohn909090,0.51414057,neutral
BearddVillain,0.9745749,protrump
Gotta_Gett,0.031091891,antitrump
12Princess110411,0.37277958250000004,antitrump
Adidasmirror7,0.044055957,antitrump
baggytheo,0.395829585,antitrump
Dan888888,0.5375611,neutral
AMAInterrogator,0.993923,protrump
fiveplusonestring,0.0058315730000000005,antitrump
BigBongBoi,0.7402995,protrump
deplorable_dreams,0.5172612525,neutral
pjouliot,0.519518731,neutral
Shahofchicago,0.008090832,antitrump
Sithra907,0.5090868185,neutral
VoluntaristThinker,0.7869783974000001,protrump
Killerporn69,0.9961066999999999,protrump
sngooms,0.1831061,antitrump
btopia,0.0119040795,antitrump
redboy33,0.666376547,protrump
AlphaTangoFoxtrt,0.5505180782352942,neutral
SaltyBoi27,0.98826477,protrump
TheForsocken,0.05634693700000001,antitrump
G7L3,0.61647815,protrump
ZealousidealMeet8,0.96801802,protrump
notscj,0.0073265957,antitrump
Stumptavian-Roboclik,0.991598,protrump
TheGoodRevE,0.2520095,antitrump
dammand32,0.3867068734416666,antitrump
iRoswell,0.012062987666666669,antitrump
RichardCano,0.7073871,protrump
HarrisJB78,0.5345613908,neutral
kuland,0.98512554,protrump
lurkerversion2,0.402582,neutral
Wafflescoffer,0.027955487,antitrump
11Bvet84,0.2256142123846154,antitrump
Dizagaox,0.025627129,antitrump
JMObyx,0.22192555349999998,antitrump
CmdrKelvin1753,0.36062502,antitrump
RaptorSpade1296,0.67140024,protrump
ChidoriDismissed,0.9248273825,protrump
Aditeuri,0.9474299999999999,protrump
EileenForAlaska,0.9699819,protrump
GamesAreArt,0.0343542686,antitrump
wehiird,0.0049673994,antitrump
MadDocTheDick,0.020988258,antitrump
QMG9,0.9831943999999999,protrump
HiighSociety,0.016385047,antitrump
Normie_O1,0.99799085,protrump
BulbousFreak,0.25731462,antitrump
afterdroid,0.437478655,neutral
occupyredrobin26,0.9687761,protrump
Mildly-disturbing,0.8921848,protrump
daviegeorge,0.063055456,antitrump
SuperPipeLayer,0.028652167000000003,antitrump
stifflizard,0.009548921,antitrump
Youseeonlydarkness,0.7318453211666668,protrump
Froogboy,0.5114732750000001,neutral
5_Frog_Margin,0.6436966235,protrump
Ghdust2,0.24167429897515508,antitrump
notsurewhatiam,0.35790619316666666,antitrump
realGUN-NUT,0.6791887506000001,protrump
_TeamCobra_,0.39915090760476185,antitrump
Lindbergh-Baby,0.37517034183333337,antitrump
descasatou,0.07750567,antitrump
ra2222,0.7751586800000001,protrump
Beerooo,0.8253539858333334,protrump
Azzhoel,0.40068353333333334,neutral
radelite,0.9948036,protrump
like_and_umm,0.590061355,neutral
ThrowItAgainst,0.027970659,antitrump
PushLiberty,0.657418691,protrump
DivineZenith,0.98187697,protrump
myname_isjohn,0.508705215,neutral
assspelunkers,0.33625055866666664,antitrump
hsMugen,0.5954341593333333,neutral
Waltblackfrankwhite,0.023336291000000002,antitrump
512bit,0.98849005,protrump
Teewster,0.015726877,antitrump
jivatman,0.7019397906866669,protrump
Ace_Fossil,0.87878065,protrump
PrestigiousProof,0.4772586252000002,neutral
richdinos,0.503375223,neutral
RightRightTurn,0.9906284,protrump
The_Grox_Will_Rise,0.35980575000000004,antitrump
tinytownfemme,0.24252102,antitrump
probablysIeeping,0.09792444,antitrump
jgs1122,0.36720874657142855,antitrump
myerbot5000,0.9874136925000001,protrump
Lord-PoirotVII,0.3377687,antitrump
AutobahnVismarck,0.7111331566666667,protrump
txzman,0.23703012,antitrump
Blitzy9979,0.056158107,antitrump
glucoseatp20,0.45777705,neutral
I_AM_YOUR_MOTHERR,0.94926745,protrump
chicoinem,0.46003397,neutral
Sartor88,0.022724055,antitrump
mainliningfbs,0.004539858,antitrump
WristbandMcguire,0.19426247,antitrump
PKMNtrainerKing,0.08815441,antitrump
ChuckSRQ,0.46591406460000007,neutral
kesterpembroke89,0.032618787,antitrump
MeTomHanks,0.501376342,neutral
stuntpope,0.7153560300000001,protrump
ImATryeasy,0.517646847,neutral
IndigoEx,0.023150802,antitrump
ASilentMavenReturns,0.5280361,neutral
Vandrin,0.19466980685714289,antitrump
USADANK,0.6657315443749999,protrump
AdamClaypoole,0.663563239,protrump
Sugarcola,0.467582193,neutral
RiseCascadia,0.0279429852826087,antitrump
dddmybbb,0.02431822,antitrump
JonathanSafa,0.9220940999999999,protrump
Alienbigfoot,0.9608005,protrump
NorthernWhiteRhino,0.99206334,protrump
just6852,0.9931363999999999,protrump
babak1980,0.98969144,protrump
rubncto,0.3437027403333334,antitrump
fortesque999,0.960562915,protrump
butt-stuffs,0.018976433,antitrump
TedyCruz,0.52675433,neutral
JDChinch,0.33670563,antitrump
wearesooutofplace,0.9361599,protrump
form_d_k,0.07395675,antitrump
CleanExpression,0.055511262,antitrump
UPURS145,0.519499152,neutral
knotwheely,0.4954965673,neutral
SpazTheGreat1,0.34225285,antitrump
nolesfan2011,0.252326852,antitrump
Mike2922,0.0037928643,antitrump
LaoSh,0.26605296640000003,antitrump
Baebeedraygen,0.5116785785,neutral
dontdosocialismkids,0.45131838283333336,neutral
blackaddermrbean,0.33395254533333335,antitrump
PM_ME_UR__UPVOTE,0.0475860835,antitrump
Roadsguy,0.22030239999999998,antitrump
shit_post_life,0.05613271,antitrump
socialismsucksballs,0.5662362925833332,neutral
Finntronaut,0.0145658475,antitrump
5am5ep1ol,0.97283316,protrump
PagingDrBenway,0.17696889339473684,antitrump
apparitionog,0.98256797,protrump
ANipANip,0.97396326,protrump
NihiloZero,0.0479517417,antitrump
Dawsrallah,0.4471996054000001,neutral
Googoo_G_Joob,0.31752795,antitrump
hoozdat,0.8979483,protrump
chesterburger,0.024505362000000003,antitrump
Badwolf_the_Chef,0.19132019329545458,antitrump
vitasoyboi,0.8262037,protrump
workaccount35,0.32765038233333327,antitrump
Kafkaesquepaperwork,0.28184192150000004,antitrump
groundedinpgh,0.6714038323333332,protrump
whatsupjon,0.01770441,antitrump
SpireofSolace,0.9752685,protrump
bleimanb,0.0113609218,antitrump
benthecarman,0.06275097,antitrump
CH2_HeckleHarder,0.97720236,protrump
DonnyTwoScoops,0.36934037325,antitrump
EarningAttorney,0.50625488325,neutral
TrumpisHitler6,0.15157637,antitrump
FrigidArrow,0.6747210726666667,protrump
allthebestnamestaken,0.1107034,antitrump
araed,0.6777642749999999,protrump
hawksfan82,0.521210165,neutral
DontBanMeForAsking,0.22960065016666667,antitrump
Dammit_james,0.018319555,antitrump
Mib45,0.3400531693333333,antitrump
aldrinlili,0.008075425,antitrump
cp5184,0.98157793,protrump
WeatheredSkull,0.949591478,protrump
smeef_doge,0.477746706,neutral
mgfclt,0.96558875,protrump
PoliticalStorm,0.16017506890250005,antitrump
imissmacmiller,0.5184112511111112,neutral
Microsoft_Gerald,0.4115621246190476,neutral
TheBigPhilbowski,0.06389352066666666,antitrump
JohnBrownsSolution,0.17328967333333334,antitrump
JohnChrissy,0.4662483713181231,neutral
JordanCLK3200,0.06495373,antitrump
12thduck,0.4112286,neutral
RoughPaintbrush,0.9967205,protrump
Buttchugmaster,0.006530238000000001,antitrump
Invisible_Riverside,0.53568734,neutral
SuperSharpShot2247,0.501351069,neutral
SoupNazi615,0.6264601316666667,protrump
Eliplaysmcpe22,0.9579609,protrump
_BIG_BEAR_,0.05730882966666667,antitrump
WeimarRepublic,0.689171848,protrump
AccidentsWillHapppen,0.77779007,protrump
Liamcarballal,0.4117878515999999,neutral
MrMightyMan,0.030976417000000003,antitrump
TDeLo,0.9693245,protrump
Misterfahrenheit120,0.34835169058000004,antitrump
BazingaBarry82,0.09431607,antitrump
Looneyguy5,0.09252345333333334,antitrump
rctdbl,0.9523519,protrump
Editator,0.013530354,antitrump
FaradaySaint,0.08301972,antitrump
waffelsticks,0.461514808,neutral
MaximumEffort433,0.23017105661999998,antitrump
hecsusall,0.9980476999999999,protrump
Like1OngoingOrgasm,0.3857954411583333,antitrump
OKScottish,0.05569252,antitrump
altobrun,0.09259917599999999,antitrump
DACRQQKED,0.988725,protrump
no_tread_on_snek,0.500933081,neutral
DynxT,0.419404016,neutral
ziphur1,0.90059245,protrump
ima_coder,0.9714703000000001,protrump
TheRealMemeMagician,0.9341870000000001,protrump
srinidhikarthikbs,0.09585538,antitrump
dstewart398,0.80051536,protrump
Marleycatold,0.9621062,protrump
mbierden,0.07856155,antitrump
alphabravoccharlie,0.056418672,antitrump
TheDoctorOfWho4,0.49492742549999996,neutral
Mcadian84,0.48725939,neutral
DuckFarts99,0.50587595,neutral
_Blood_Manos_,0.14461371,antitrump
PRrockstar,0.5648827000000001,neutral
kag_throwaway,0.99519,protrump
MyUsernameIsReallyOk,0.7114831,protrump
jacobwilliamhillard,0.8338353999999999,protrump
dubduece469,0.08570894500000001,antitrump
DakotaTwitter,0.2031302,antitrump
ProudAsian022,0.9904594200000001,protrump
Lothken,0.49022391800000004,neutral
SullyJack1717,0.9944066999999999,protrump
bamanofmars,0.53314503,neutral
Solid_Snake420,0.6598154576,protrump
Richandler,0.9898566999999999,protrump
enochsynopsis,0.8152697180909091,protrump
lalesswatch,0.10806911400000001,antitrump
realitydesign,0.24886595,antitrump
poofhorp,0.98145294,protrump
scapimag,0.020003086,antitrump
StarkRavingNormal,0.9499179,protrump
niggers_are_trash,0.051188644000000005,antitrump
iLLNiSS,0.97386533,protrump
Fugedaboudit88,0.996734,protrump
AlexJonesShow,0.38713875,antitrump
sob9,0.7561025109999999,protrump
DSAisTheWay,0.37706621497368414,antitrump
CurrentlyBlind,0.96730787,protrump
joshie_bear,0.9879631999999999,protrump
cieltoujoursbleu,0.49450181049999997,neutral
andrewgee,0.95018065,protrump
Esoteric_Innovations,0.9761511,protrump
Abandon1llusion,0.97607046,protrump
xcrunner1009,0.3307868249833333,antitrump
colourlights,0.9952671799999999,protrump
liliamsky,0.012673119350000001,antitrump
atiullah,0.029850077000000003,antitrump
LanguageNerd24,0.4856748356666667,neutral
randyrandp,0.11831951155555553,antitrump
goldswim77,0.89984003,protrump
diditmakesound,0.441570035,neutral
Hyoscine,0.018333063,antitrump
Polic_,0.012366941999999999,antitrump
WildPackOfWolves,0.8615104800000001,protrump
MagnificentHistorian,0.9801987649999999,protrump
Metalvayne7x,0.11045439000000001,antitrump
mrbrightside170,0.4950789185,neutral
liberty_stars,0.3890235413545454,antitrump
statise,0.9382944999999999,protrump
OwnFall,0.015036148499999999,antitrump
makgeolliandsoju,0.015067879699999998,antitrump
Magnus_Konrad,0.014006306000000001,antitrump
kroloff071187,0.030620672,antitrump
xdppthrowaway9001x,0.010262710999999999,antitrump
Dovister,0.522096883,neutral
rideonpatty,0.97778003,protrump
YoungUSCon,0.966302605,protrump
EpicLettuce,0.654842458,protrump
Lash_,0.9942802,protrump
hellosweapea,0.05980779,antitrump
Commieboibrian,0.98654556,protrump
napoleoncalifornia,0.9444336,protrump
poundfoolishhh,0.97032523,protrump
Cezh_work_GSD_Scout,0.54012609614,neutral
MellzorLovely,0.328027123,antitrump
RufusYoakum,0.48476059350000006,neutral
litefoot,0.022687294,antitrump
depressiontwink,0.9777427,protrump
ComradeConman,0.017209380333333333,antitrump
L2Logic,0.9949969000000001,protrump
picklejewce,0.1828580248,antitrump
Schwartatata123,0.94364864,protrump
tortmegood,0.9861681000000001,protrump
Ragnarok-480,0.6613361545666666,protrump
elizabethtacher,0.10281371012916667,antitrump
AdelineMcClure85,0.01565244,antitrump
Sad_Cap,0.050267234,antitrump
TrimHer,0.99445194,protrump
Classical-Liberal-,0.49882881749999997,neutral
LaughingGaster666,0.9141692514285713,protrump
buddymoobs,0.022650697999999997,antitrump
ClimbGermany,0.015163883999999999,antitrump
BadTRAFFIC,0.6675353743333333,protrump
sdh96,0.324987458,antitrump
thatsocrates,0.051822647,antitrump
CumOfSatan,0.02103064,antitrump
iLoveLiberty1776,0.4040264525897436,neutral
dixohm,0.6088411,protrump
rnaude241,0.00832191315,antitrump
pinochetcia,0.9892162,protrump
T-Bobulous,0.9941121999999999,protrump
RealThoughtsFakeName,0.9862705749999999,protrump
emeriticus,0.6943720155357145,protrump
redneckwhiteass,0.06776504579999999,antitrump
TurboTitan92,0.937447605,protrump
basedskeltal,0.315785227,antitrump
Battlement159,0.5873257038,neutral
MouseTheLuckyDOg,0.05443607065,antitrump
Not-ATF,0.31310928774999996,antitrump
GIS_Reports_Online,0.015423393,antitrump
Jackelmate,0.99822503,protrump
trot-trot,0.5066941526000001,neutral
digitalteacup,0.026329052129999996,antitrump
Cannabis_Prym,0.012534342424999997,antitrump
Brohenheimvan,0.025637708999999998,antitrump
advocatus2018diaboli,0.2691095905,antitrump
LegalBenadryl,0.6576198946666666,protrump
andreinac5,0.013051442,antitrump
great_gape,0.22586758199375,antitrump
cyclops_jones_2017,0.24374349079999996,antitrump
HuxleyFanboy,0.5113482549999999,neutral
thoughters,0.0324467965,antitrump
NoPipelinesPlease,0.494817665,neutral
glockedup1,0.45105900275,neutral
rjbradley,0.9480218,protrump
Ufachotchin,0.94737,protrump
Visoblue,0.020561826999999998,antitrump
scottbomb,0.277207396,antitrump
askheidi,0.98659515,protrump
ThrombBone,0.46061379276315795,neutral
Agusto_0,0.5373601149999999,neutral
Lucifer2point0,0.9861471333333333,protrump
mc2222,0.3409098121,antitrump
GS-Luthra,0.6565746696666666,protrump
matheus886,0.008774417,antitrump
lets_get_lowwerr,0.96635453,protrump
AceHoops,0.569071625,neutral
JanetYellensFuckboy,0.17085034899999998,antitrump
KlutzyBowl,0.07718087800000001,antitrump
NovelAdministration7,0.014152853,antitrump
libcadenta249,0.07605437,antitrump
Noah__Webster,0.020350417,antitrump
Fusion_Drive,0.06056947,antitrump
StuartFeed,0.2731915148,antitrump
stavrosvinalrpy,0.011879757,antitrump
CCPCanuck,0.605653628,protrump
ExpertLvlMovieCritic,0.9919720999999999,protrump
urbansasquatchNC,0.9244954000000001,protrump
davidms97,0.49163345,neutral
bowbe4me,0.06324442,antitrump
darkslayer76,0.508271715,neutral
Tangerinememes,0.061170724999999995,antitrump
ItalianStallion811,0.85744506,protrump
realneil,0.47061548999999997,neutral
jeremyrnr,0.485672302,neutral
War_Emu,0.14558536,antitrump
isthisSnapchat,0.6806110200000001,protrump
AhmedOfAmerica,0.09953681,antitrump
A_Piece_of_Pai,0.036860040499999996,antitrump
BuSpocky,0.20125742700000002,antitrump
troy_caster,0.9106228000000001,protrump
Aufprall,0.025403941,antitrump
Colts666,0.047903325,antitrump
Barryallen125115,0.22750856919999998,antitrump
theringerem123,0.07630676099999999,antitrump
Theveryunfortunate,0.6639128543333334,protrump
Judicator01,0.56054347,neutral
Grey_burn,0.52635437075,neutral
CarpetJis,0.99248886,protrump
zislam111,0.33202404,antitrump
sachikoconleyep,0.019641379,antitrump
hikenerd,0.99009037,protrump
Lonecosmos,0.6585348098333333,protrump
PatMan2142,0.311789473,antitrump
axdrop12,0.04297467,antitrump
carenboyan97b0,0.9903875,protrump
zcxi,0.49167795,neutral
YourHostThenardier,0.6468509,protrump
bobbyboby,0.51178265,neutral
Incredulous_Donkey,0.9204263,protrump
mehrabha,0.86467266,protrump
talkradiouk,0.4871937885,neutral
SipRoad,0.42697662,neutral
shenskii,0.9964491,protrump
Human_Ballistics_Gel,0.46444938225,neutral
wraithlord,0.9931385,protrump
wealthsuccessful007,0.991074,protrump
SirDirtLeg,0.24297162047619042,antitrump
IAmClanky,0.9723301999999999,protrump
crispyTacoTrain,0.10427608,antitrump
bitcoinrocks88,0.16860302891428572,antitrump
yukonj88,0.021823812,antitrump
LatchedNipple,0.12237429999999999,antitrump
ImpressiveShare8,0.6031204114545455,protrump
FallowZebra,0.9623132,protrump
darkereon,0.99385864,protrump
Gurdel,0.2571798098571429,antitrump
LiberalJewMan,0.9962709999999999,protrump
expo445668,0.029839745,antitrump
kingjt24,0.0955300625,antitrump
shitttgenstein,0.7106163115000002,protrump
jgregor92,0.058005586,antitrump
Deth-monkey,0.406989084,neutral
tastywaterbottle,0.9948520000000001,protrump
UniqueSteve,0.024946327299999998,antitrump
goooseontheloose,0.14769937,antitrump
budcaps,0.9867469149999999,protrump
HondaAnnaconda,0.15227798825,antitrump
OnlyMyOpinion,0.012023143,antitrump
bigpig1054,0.353581176,antitrump
jmar777,0.062214651999999995,antitrump
xajx,0.031223637999999998,antitrump
johnnynutman,0.02139141,antitrump
SquidbobRoundnose,0.31545711,antitrump
digitalsymph0ny,0.42473511,neutral
max12151964,0.10967991,antitrump
BrieAlysse,0.030118335,antitrump
Dr_Porknbeef,0.024490667999999997,antitrump
FancyBowler,0.008415576,antitrump
AdmiralAkeber,0.258795984125,antitrump
OpalSchaefer88,0.019946626999999998,antitrump
thememequeenv3,0.15053014,antitrump
khobisamavar,0.0244148095,antitrump
jksnmynamejeff,0.01874572,antitrump
Just-curious95,0.0312867705,antitrump
jabolli,0.42655320166666666,neutral
ProgressiveLogic,0.0805033670732876,antitrump
ltdshred,0.28308716175454546,antitrump
speakeasy_slim,0.25147557000000004,antitrump
calgaryflamer,0.0572363555,antitrump
anaccount50,0.0036889988,antitrump
LibertarianDonald,0.9896925999999999,protrump
jasonofspoons,0.9487947,protrump
kylemaga,0.3235070466666667,antitrump
barleyhogg,0.8446940999999999,protrump
PaperBoxPhone,0.08318269,antitrump
derangeddollop,0.14022465,antitrump
sexymurse,0.7147696823749998,protrump
Cars2Acolyte,0.8234869833333334,protrump
iCeColdvengenCe,0.06193126,antitrump
BaronRiker,0.052855566,antitrump
Undercover5051,0.9841444149999999,protrump
Glochidiate,0.10915230476666665,antitrump
JasonHackman,0.021783997666666666,antitrump
liesfeelbad,0.34324879999999997,antitrump
DiscombobulatedMeal2,0.5024552266666666,neutral
farway2000,0.009725848066666667,antitrump
jmack64,0.99445724,protrump
OmahaVike,0.9812230499999999,protrump
QuirkySpiceBush,0.008820320999999999,antitrump
amadoxx,0.9818901,protrump
90405,0.9505593000000001,protrump
StJohnTheSwift,0.27723846,antitrump
Rudiman44,0.9961287,protrump
tim_at,0.018669656,antitrump
twicebison2,0.131657,antitrump
critical-_-thinking,0.023939821,antitrump
EyeFoundWald0,0.9528898000000001,protrump
jackshafto,0.8953278,protrump
lalze123,0.08861118816666667,antitrump
PogoTheGreat,0.97543645,protrump
Lmazy,0.4964363435,neutral
Woodscraps,0.503347605,neutral
ilikethreetwo,0.35984574599999997,antitrump
OWN14,0.630696526,protrump
Horses_On_Stilts,0.10412934,antitrump
aerovado,0.536634079909091,neutral
anxietybabe666,0.027151799,antitrump
TurtleStud,0.112456545,antitrump
Mythoughts789,0.98178124,protrump
orduck_23,0.35982211666666664,antitrump
SevereCourt,0.341469007,antitrump
pied-piper,0.047488563,antitrump
OursIsTheRepost,0.721151225,protrump
Blazzed_Bastard,0.9843232,protrump
demandret,0.99722654,protrump
Tmain116,0.6540654570000001,protrump
TheSunIsWrong,0.97001085,protrump
ThatGuyQuentinPeak,0.76542807,protrump
ChannelSERFER,0.9866556999999999,protrump
WadtheJeanguy,0.9879831,protrump
mhanders,0.22203840558000004,antitrump
lubebeforeyouwipe,0.99143046,protrump
Sternsegler,0.6755427083333334,protrump
CAindependent,0.99650455,protrump
Daddy-Donald,0.9883780999999999,protrump
Neekalos_,0.99743074,protrump
codedinblood,0.31064070749999995,antitrump
Ragiv13,0.4503711832343751,neutral
jeffffjeffff,0.009955844,antitrump
breezybn,0.9806978999999999,protrump
Spectralz_,0.99642557,protrump
_GusTriandos,0.017310056666666667,antitrump
balochsomar,0.021745346000000002,antitrump
GoldenKaze,0.6033191635360001,protrump
Hiralis,0.9351503550000001,protrump
wearewhatwethink,0.029326127999999996,antitrump
Jeremy_Edwards_20XX,0.009952898,antitrump
throwaway3628364,0.052548125,antitrump
grandduchesskells,0.9814478000000001,protrump
mikewall,0.98699397,protrump
birdperson_c137,0.3180821696666667,antitrump
therealmarkzuc,0.9976671999999999,protrump
me-wonders-why,0.9326412000000001,protrump
MikeTheWailord,0.5101294115,neutral
EpicSmileyGaming,0.99298865,protrump
wayne_kovacs45,0.661841855,protrump
eviloars,0.058012046,antitrump
slippyboiis,0.9657886,protrump
Irishnavy33,0.98533125,protrump
whatsthenameyouwant,0.06793864624615384,antitrump
infantry_of_the_line,0.27149663537499996,antitrump
MisplacedSanityP,0.485721657,neutral
ChadFelixGoodman,0.99314696,protrump
LordAstralWarrior,0.49045274749999995,neutral
Wally-Wally,0.226774128325,antitrump
oldMiseryGuts,0.021584573500000002,antitrump
abcean,0.031166201500000004,antitrump
NoNotReallyDude,0.008127806999999999,antitrump
Bandit7588,0.9912583,protrump
PatriotPrayer,0.017241903,antitrump
SilentUnicorn,0.010070782,antitrump
NIGGERS_STINK_HARD,0.514613919,neutral
PowerCarrot,0.012771403,antitrump
candelalgebra,0.051794812,antitrump
HJL30,0.6745787880000002,protrump
downvotetjis,0.53843775625,neutral
Cerkoryn,0.96173975,protrump
8_thelight,0.83855927,protrump
timpinen,0.012829243999999998,antitrump
_Pancake-,0.04619932,antitrump
omgitsmalaa,0.019647475,antitrump
AD-6-26,0.6030484556000001,protrump
MisterMcGibblets,0.060627567,antitrump
idaell,0.09375410333333334,antitrump
50Star,0.721642382125,protrump
jerseyboyc137,0.576068247,neutral
ReasonablyAssured,0.0043513779999999995,antitrump
BYOchocolate,0.014112929333333335,antitrump
tgrote555,0.007238134300000001,antitrump
SavvySavannah777,0.9184144516666666,protrump
qquicksilver,0.23647850155405403,antitrump
Wespiratory,0.3802718992105263,antitrump
petitereddit,0.05840182533333333,antitrump
patasaurusrex,0.022531488500000002,antitrump
iliketoshitnigger,0.49309130500000004,neutral
SquidTips,0.012306105,antitrump
JackBaldy0161,0.92976207,protrump
TrueWagnerian,0.0059259688,antitrump
paulszaszsebes,0.21860726037499997,antitrump
Chow1377,0.92306656,protrump
popsiclestickiest,0.02008889,antitrump
Arriveria,0.22710235089999997,antitrump
BublyWater,0.6738666219999999,protrump
primopakdes296,0.61829865,protrump
badassllamalady,0.29918277,antitrump
cacadoodypoopoo,0.7497399,protrump
evidentfact,0.5514658725,neutral
ginger_bredman,0.07708091963925236,antitrump
DudeJoeBro,0.9924487,protrump
8callalily8,0.039270606,antitrump
Grifter26,0.90836716,protrump
atomicspacekitty,0.075578645,antitrump
dzizkhalifa,0.023991711000000002,antitrump
ReallyMan44,0.07416506,antitrump
ranthasrabies,0.9578933000000001,protrump
kavitechie,0.9930559999999999,protrump
StephenNesbit,0.6811364000000001,protrump
just_some_guy1976,0.004981315,antitrump
LopsidedProject,0.9917173,protrump
3tones,0.9427537,protrump
apclapsaddle,0.969456075,protrump
DoubleBarrelNutshot,0.15618712,antitrump
xxxJdawg2xxx,0.6538407233333333,protrump
Hyde98X,0.99083954,protrump
blessedlittlegoose,0.09879410999999999,antitrump
AncntMrinr,0.321817387,antitrump
ForeverTheNo1se,0.93526804,protrump
Barrilete_Cosmico,0.0067257853,antitrump
NonProductiveCough,0.9476030999999999,protrump
wessman9898,0.076653846,antitrump
TheSmugBean,0.99387497,protrump
Richerlie,0.9902132,protrump
i_have_a_fart_fetish,0.42907652100000004,neutral
I_HATE_ME_SO_HARD,0.03683751,antitrump
newpopulist,0.9568662,protrump
3rdAccountSince2008,0.510304145,neutral
Joye22,0.344544513,antitrump
jordanmc,0.019522220175,antitrump
llIllIIlllIIlIIlllII,0.99232024,protrump
MohsTen,0.594937475,neutral
throwawaymylife153,0.024063589,antitrump
AngelaMotorman,0.19626007145142857,antitrump
Times-Arrow,0.12004233,antitrump
Roadhouse1984,0.027688402999999997,antitrump
jimmymoreland,0.025455343999999998,antitrump
RevelWithin,0.594388682625,neutral
SocialJustage,0.027439133999999997,antitrump
SouthernJeb,0.8143090000000001,protrump
tiny10boy,0.12547536,antitrump
cploop,0.585476492,neutral
AlexAndertheAble,0.6517457539999999,protrump
seobrien,0.013904248000000001,antitrump
ogNinja420V2,0.722909105,protrump
JoeParrish,0.23507171012499994,antitrump
grafxbill,0.65097654,protrump
xwizee16,0.6212075459,protrump
Slatey_,0.13394212933333333,antitrump
Wild_Bore_,0.054721892,antitrump
mockfry,0.5143908050000001,neutral
Samymaniac,0.9938188,protrump
astraydoge,0.019400868999999998,antitrump
backpackwayne,0.25200003260869563,antitrump
ryandnicholson85,0.26108596,antitrump
ready4apocalypse,0.0036450308000000003,antitrump
extrathiccnibba,0.9959591999999998,protrump
ThrowAwayShlohmoAway,0.9970074000000001,protrump
raoulduke415,0.39796723166666664,antitrump
bit_stung,0.008742665,antitrump
BreedingThrowaway512,0.9808382999999999,protrump
zarus,0.00898956352727273,antitrump
TheCanadianNews,0.11727765,antitrump
scumbagstaceysEx,0.9958413,protrump
onepoundofham,0.11386038,antitrump
GeneralKenobi05,0.52289125,neutral
Yarwoo,0.9972453000000001,protrump
gster50,0.12356717843000001,antitrump
grandmaester,0.326056336075,antitrump
FiveNineTheGoat,0.025630092,antitrump
CrazyLegs88,0.506835724,neutral
Eandrest,0.9461650699999999,protrump
americancoward,0.35163484437777776,antitrump
c00lc7t,0.99063396,protrump
djbarkley848,0.5398918,neutral
Lamont-Cranston,0.16107582028260864,antitrump
ninesninety,0.8152781425000001,protrump
Carp8DM,0.5962757751111112,neutral
Clarke311,0.048410032,antitrump
JamesTalarico,0.99412006,protrump
martinsonsean1,0.6513241999999999,protrump
SleekFilet,0.43946636714864856,neutral
CarlosGrimes,0.12193041824761904,antitrump
kroatone,0.488155674375,neutral
T_R_I_L_L,0.19828448816666663,antitrump
Bobby_Jays,0.5794181681333334,neutral
WDKJokerr,0.11390622,antitrump
NiconOfAkragas,0.41191557,neutral
andrew_craft,0.964837065,protrump
duganaok,0.25089597025,antitrump
hotpocketguitar,0.9646805,protrump
ProgressIsAMyth,0.23131426,antitrump
TheYooperPooper,0.0214251885,antitrump
cipher_six,0.86915721,protrump
AgitatedIsopod,0.6627407115999999,protrump
satriale,0.059531137000000005,antitrump
123455678910,0.93074367,protrump
ObeaseFalafel,0.99270755,protrump
Ashen-Knight,0.32704109099999995,antitrump
PNWChef,0.026670218,antitrump
Bigwooddeck,0.9246351,protrump
Kanchoponcho,0.019432078999999998,antitrump
kalel1980,0.007461921999999999,antitrump
EvilMrBean,0.019134731999999998,antitrump
Nightmare_mouse,0.025710250820000002,antitrump
conantheking,0.36572243140298516,antitrump
Skull_Knight11,0.060976554,antitrump
katiecharm,0.05151368975,antitrump
walkertxranger850,0.4552402653333332,neutral
herzoggg,0.9959121999999999,protrump
IHirs,0.5081197144285715,neutral
jayfreeze7,0.24540224185714288,antitrump
emeldee11,0.9817708,protrump
TheXarath,0.0048861825,antitrump
TheLastBestHope,0.082116572,antitrump
prhill1993,0.96825224,protrump
oskonen,0.17137025066666667,antitrump
trumpsuxd,0.010313279682352941,antitrump
Gallade47,0.5887156,neutral
justferjoat,0.7760809833333333,protrump
PutinPaysTrump,0.09880211411176466,antitrump
CynthiaYoungnh6,0.017344957,antitrump
sucrickpredin249,0.94787526,protrump
Superman_for_atari,0.843009075,protrump
raptor1472,0.916998,protrump
I_HATE_TSM_THEY_SUCK,0.060169637000000005,antitrump
Microdoted,0.063405728,antitrump
LDeryday,0.6650435986666667,protrump
JoshuaSonOfNun,0.0895943665,antitrump
LexyPoliticallyRYT,0.5825993983529411,neutral
Biggyhefty,0.09977372,antitrump
MajorAdvisor,0.9941291999999999,protrump
Giofilmsfan222,0.5963729,neutral
Peanutpunchingbitch,0.982116,protrump
audreylinnmorrison,0.97922987,protrump
big_ol_bowl_of_butts,0.9735753,protrump
FriendlyBadgerBob,0.04316636133333333,antitrump
KongKarls5,0.49457967999999997,neutral
Andrewsheets8,0.9603902,protrump
theguy445,0.011569835,antitrump
9Jeremy8,0.95878834,protrump
Ishaan863,0.01948960866666667,antitrump
naidusa,0.536092235,neutral
shelzmike,0.42412564565999994,neutral
ttedder,0.017248815,antitrump
torontoLDtutor,0.4249262450444445,neutral
tjadam61,0.99086285,protrump
King_Of_The_Cold,0.922797,protrump
AlwaysAtheist,0.95015836,protrump
Tenien,0.4381154366000001,neutral
Kansasicon,0.973380975,protrump
josephbologna,0.035418873499999996,antitrump
atomicmarc,0.17772368283333337,antitrump
Stoopid81,0.599984207107143,neutral
MosaicIncaSleds,0.99292177,protrump
gmscreamingmemes,0.4929315885000001,neutral
FloridaSun9,0.9453901,protrump
svengalicaligari,0.008061707000000001,antitrump
caldera599,0.6336802921818183,protrump
JumperP,0.5117897100000001,neutral
UltimateSausage,0.24054513820000004,antitrump
antisocialistconcapi,0.9910561,protrump
Saigunx,0.8308723783333334,protrump
erypto,0.017004365,antitrump
trumpismysaviour,0.014056503566666665,antitrump
squeakim,0.94642645,protrump
bfwilley,0.5061920487708027,neutral
fuckingducksinmyyard,0.96252674,protrump
OutsideBeholder,0.0777938234,antitrump
lizmirly,0.9957628000000001,protrump
drewshell556,0.53446754,neutral
Amidza,0.047704518999999994,antitrump
Equuidae,0.07124277,antitrump
skralogy,0.018750165,antitrump
uporondrocks,0.0231490685,antitrump
b1933724,0.9865674999999999,protrump
bryanoens,0.018209397874999998,antitrump
plasticScript,0.9645201999999999,protrump
Anenome5,0.6819880924285714,protrump
AstonVanilla,0.035722062,antitrump
itsalwaysmyday,0.9845915999999999,protrump
23materazzi,0.4990774355,neutral
dayparadefloating,0.5429809439565217,neutral
GMen2613,0.089182094,antitrump
BeardRex11,0.8890004000000001,protrump
ancapss,0.7778805,protrump
AmagiKitten,0.9217367,protrump
Cajun_Hobo,0.11235864,antitrump
XMAGA_1776X,0.5699856614285713,neutral
ZzNARCHzZ,0.98587275,protrump
SingletonRW,0.9950895000000001,protrump
whatisthisrn,0.9908488000000001,protrump
menofcrest,0.013318072,antitrump
SillyQs,0.992646905,protrump
bamuly,0.9759295,protrump
LyingBrazenlyInTruth,0.03820849,antitrump
blk-cffee,0.009817847,antitrump
tweedledee_1,0.0041479566,antitrump
annatheactivist,0.56156429,neutral
tubesteakicecream,0.035303186,antitrump
MedTex1,0.048265796,antitrump
DerekRFielding,0.07536065,antitrump
PinkBunnyBottom,0.28452902075,antitrump
quinsce,0.12445414033333334,antitrump
Foxpinn,0.8356749,protrump
barnaby-jones,0.2414120015764706,antitrump
sirpenguino,0.03791205,antitrump
Quivis,0.9787378000000001,protrump
CrazyEden,0.8394121778461539,protrump
Leyenova,0.9980159,protrump
GreyLlama,0.9956535,protrump
singeworthy,0.02708971,antitrump
cdubya019,0.28087825,antitrump
Brooklyn6uy,0.90602535,protrump
SlimTidy,0.7790875928571428,protrump
DoodlingDaughter,0.748966865,protrump
Cato_Keto_Cigars,0.657315528,protrump
Bunstonious,0.9426625,protrump
thomas_jack,0.07913150000000001,antitrump
farmersonlyreject,0.03123885,antitrump
dsmith1067,0.73873358625,protrump
plausible_Penguin,0.986751,protrump
AnotherMotherFarker,0.9976693999999999,protrump
marikian1982,0.011507568999999999,antitrump
possicles9889,0.03222444,antitrump
Onepostmcgee,0.5033267248333334,neutral
Toast434,0.03897408,antitrump
PM_ME_YOUR_BOBBINS,0.07105036,antitrump
Yoshi0939,0.6158842133333333,protrump
the_ancient1,0.028015785,antitrump
flightkickznet,0.6788397123333333,protrump
FqPrl6w1xYfsOFcD,0.38636729000000003,antitrump
chrisxb11,0.544974026,neutral
Ed_Bungooh,0.08115823,antitrump
jasonwhite1976,0.9274193666666667,protrump
ashda1st,0.9500984,protrump
simplelifestyle,0.915299595,protrump
poorhumanbeing,0.08737451,antitrump
kreation4ever,0.99715245,protrump
ryry2000abc,0.083782725,antitrump
principal_gamer,0.32050356799999996,antitrump
Aloha_Snaccbar,0.6306285150000001,protrump
Spspsp73,0.99267405,protrump
pb2kk,0.98913004,protrump
Siessfires,0.365800738,antitrump
Tombradysrightarm,0.9902491,protrump
Accomplished_Shop,0.7115546633333333,protrump
BrayBray78,0.4148078714285714,neutral
mikegamms,0.029615787999999997,antitrump
codegreen_,0.06491918149999999,antitrump
borat2019,0.029905124,antitrump
jsu152,0.010057366,antitrump
chozers,0.092960872,antitrump
eldonaldotrumpez,0.028052581,antitrump
dirtbagbigboss,0.013400331000000001,antitrump
loveskoalas,0.024454707000000003,antitrump
b0neless_biscuits,0.115426995,antitrump
jmoneysteck88,0.98547375,protrump
brahmsdracula,0.9919302749999999,protrump
BobsBurgers3Bitcoin,0.029701862000000002,antitrump
Parker1751,0.731910612,protrump
szaply,0.87080884,protrump
wheredoesthesnowgo,0.019471645,antitrump
TrappinTruth,0.99319637,protrump
Henryparson,0.007822810999999999,antitrump
dropandgivemesexy,0.99230754,protrump
pragmatometer,0.7472812785999999,protrump
fuckallwhitesheep1,0.5177437450000001,neutral
Rob_Walker,0.9641412,protrump
PM_MILF_STORIES,0.0040909927000000006,antitrump
MrTophat4,0.536301685,neutral
officemonkey33,0.03780639833333333,antitrump
showmeurcheese,0.88930106,protrump
cmanccm,0.99788314,protrump
VenomSpecter69,0.98967415,protrump
Frashizzle,0.6412571943333333,protrump
StriderWilk,0.93446654,protrump
McDonald5,0.99111956,protrump
Mdhdrider,0.9976417,protrump
ZiggyZaggyOiOi,0.022932917,antitrump
scrubking,0.4933635077699114,neutral
Luisbrown007,0.848953575,protrump
rmourz,0.5541770725,neutral
GreenFrog76,0.31268254,antitrump
Natetendo83,0.0802828192,antitrump
islegolas,0.957310965,protrump
Axeman232,0.01859895,antitrump
tmpnd,0.026254056,antitrump
LastationNeoCon,0.47310420843,neutral
Zarlog_,0.97576857,protrump
daother-guy,0.011689203,antitrump
ALilBullish,0.982929,protrump
Tacoj,0.020591998,antitrump
ZestycloseContract1,0.6955282533333333,protrump
Random_Name_67238578,0.4360576096666667,neutral
the-dirty-dozen,0.9851276,protrump
Fragatron3000,0.019940201,antitrump
sherrythings,0.15231959866666667,antitrump
navlefnuller08,0.062968805,antitrump
TheColburnReport,0.84003175,protrump
fewwise,0.10843213,antitrump
jkvandelay,0.9642468000000001,protrump
leloupsolitaire,0.9363713,protrump
GuitarWizard90,0.4185965738333333,neutral
GayBoysLoveMySubaru,0.59306234,neutral
xMassTransitx,0.66125305,protrump
MRR115,0.93360436,protrump
mechano-man,0.0629729,antitrump
LaCasaDePlata,0.4662246725,neutral
rufusmacblorf,0.026687952,antitrump
Wierd_Carissa,0.15687610453333334,antitrump
xdddddddddde,0.007867684,antitrump
irishlogic,0.012218223,antitrump
HoldMyMoanBone,0.04200429,antitrump
Starlogo,0.010825233,antitrump
BigSpongeDaddy,0.9972982,protrump
grandlewis,0.02546238,antitrump
vincent0825,0.9963972,protrump
Saademize,0.022329599999999998,antitrump
LeaveEveryoneAlone,0.4800242304210526,neutral
imwatchingyou-_-,0.060520485,antitrump
z9620,0.027111523,antitrump
sXe_savior,0.026172252000000003,antitrump
WARclaW,0.99440813,protrump
irritatedgeezer,0.2291735895,antitrump
Heebyjeeby420,0.711522,protrump
Fodux,0.078551492,antitrump
MSUicetrucker,0.8979655000000001,protrump
naturalethic,0.78664869,protrump
PJGSJ,0.10351371,antitrump
INCEL_ANDY,0.9861238666666666,protrump
BillNyeHasMyPie,0.46954027350000005,neutral
Firetornado12,0.8850084999999999,protrump
BenAdaephonDelat,0.023562642,antitrump
usmc_BF,0.7092965368749999,protrump
CuriousTrick,0.03222479,antitrump
goodboooua,0.015475491999999999,antitrump
RhinoStampede,0.99386793,protrump
Jyan,0.9927362,protrump
EskimoFucker,0.8970197,protrump
drichard81,0.5390552466666666,neutral
peacepatience,0.022765812000000003,antitrump
CaliforniaDraper,0.9754777,protrump
UWCG,0.08548992924266667,antitrump
bubbarae91,0.99010277,protrump
GrimyOldGoon,0.9977659999999999,protrump
EJ7,0.022843669150000002,antitrump
tau_decay,0.20764978404,antitrump
Terra_green2,0.36031187000000003,antitrump
EricF124,0.012651357,antitrump
Roseandwolf,0.34713538099999997,antitrump
Lilprotege,0.26619460307500004,antitrump
geak78,0.14874808,antitrump
boxOfficeBonanza89,0.2784624455454545,antitrump
thundereagle19,0.3684317315555556,antitrump
ghostofpigs,0.25073986977777774,antitrump
sgfwong,0.10538364,antitrump
JulianFreedom45,0.54149565,neutral
true4blue,0.5070368710000001,neutral
andyc3020,0.98415405,protrump
Al_Kalb,0.08804788,antitrump
cataplectic,0.05042958,antitrump
ATay975312468,0.6339081833333333,protrump
Heilos52,0.07169838,antitrump
statictonality,0.25683935674999997,antitrump
Azraels_Fear,0.11372775,antitrump
MacmonJapan,0.051544197,antitrump
amclennon,0.4925462725,neutral
MBTIThrowaway3,0.9887021999999999,protrump
cgschmitt7,0.5365417925,neutral
balkdotcom,0.43342406,neutral
Godecapitator,0.019293053,antitrump
la-dispute,0.014285526000000002,antitrump
CodeReaper,0.3013115901666667,antitrump
Maj-Janson,0.3566099403333333,antitrump
render514,0.9960466,protrump
emmetpdx,0.015120193,antitrump
aidan2424,0.6393267675,protrump
CptVimes,0.0303752384,antitrump
Melon_Howitzer,0.24528813,antitrump
Jason_Pitt,0.010630578,antitrump
heykarlll,0.07082439861142856,antitrump
HGovindD,0.97498346,protrump
dapmeforlord,0.012324038999999998,antitrump
I_Taste_Like_Orange,0.12052226,antitrump
theAHHHJJJ93,0.92003995,protrump
ug13,0.48094199000000004,neutral
devildocjames,0.5954018,neutral
ashishduhh1,0.5408920500000001,neutral
wolfgang726,0.9195951499999999,protrump
jabedude,0.030318319333333333,antitrump
clivederekson,0.13434751,antitrump
Goose_in_the_Gallows,0.1949996241,antitrump
fixitinpost,0.8351834,protrump
pridd_du,0.658852325,protrump
rumn8tr,0.06937385,antitrump
dickleon,0.02398387,antitrump
Beelzebubbin,0.9674991,protrump
Tutor_et_Ultor,0.045469936,antitrump
Abou_,0.09137026666666666,antitrump
LordPotato73,0.6372627466666666,protrump
IcebergHermit,0.071479544,antitrump
JournalistDude,0.23752024640000005,antitrump
doubtga,0.09381722,antitrump
HTownian25,0.3783706474560266,antitrump
oigvdt,0.47220715733333335,neutral
MichaelEuteneuer,0.4988860793333334,neutral
alexdeutsch,0.3037054585,antitrump
wilmeth,0.6864303306,protrump
OleanderSalad,0.008351729,antitrump
properal,0.2037942289230769,antitrump
IronPathologist,0.4376314756166667,neutral
jimbofiggle,0.94957876,protrump
PeeKerXXL,0.15764488899999998,antitrump
Inevitable_Strain,0.99546829,protrump
PigsAndCats,0.62324004325,protrump
szymanskii,0.7732737,protrump
knightpvk,0.012062782,antitrump
sushibinch4,0.07113686,antitrump
Invader9,0.99365306,protrump
Jedi_Belle01,0.007062063,antitrump
PudgyPudgePudge,0.8193440999999999,protrump
mkgandkembafan,0.22330083701764702,antitrump
dmwes4,0.32858991242857144,antitrump
Critical--Thoughts,0.9653116,protrump
PrinceAlbert78,0.10344684700000001,antitrump
LastJediWasOverrated,0.9965293,protrump
Originalstilllives,0.99136918,protrump
oldbastardbob,0.1177502529,antitrump
FreeIsaacBaranoff,0.90555398,protrump
ghionjournal,0.3602709956666666,antitrump
kingdomchaser,0.04889299,antitrump
kyluci,0.7507564874999999,protrump
opensourceburgerking,0.05316783,antitrump
bhknb,0.24757856561111108,antitrump
MadisonTheMage,0.5740182185,neutral
Jewbijerb,0.012527402,antitrump
Capricious_memer,0.9726905999999998,protrump
ImPrettySafeForWork,0.64751977,protrump
Firch88,0.028770814,antitrump
MarySpringsFF,0.023368295,antitrump
GreenRussian197,0.97182614,protrump
wrme,0.2359848123481481,antitrump
Millertime6289,0.96615756,protrump
4myreditacount,0.9758469000000001,protrump
SEN,0.40508497,neutral
hlpe,0.99601245,protrump
MonsterIt,0.35967753233333327,antitrump
themtns_arecalling,0.16583222,antitrump
RaddialFox,0.8695845,protrump
aj_jerkson,0.16620518,antitrump
GusWiyams,0.93548477,protrump
Tytos_Cucci,0.7302006999999999,protrump
messiestbessie,0.9385478,protrump
PurplePartyGuy,0.99566936,protrump
LebirtandJuztiz,0.131657,antitrump
Arkansan13,0.99400973,protrump
ScaryDebt,0.2926991711428571,antitrump
Kanyetarian,0.352346087,antitrump
DonTylerball,0.97513676,protrump
Latzenpratz,0.9587488999999999,protrump
skysonfire,0.18078080975,antitrump
NBadeau22,0.971308,protrump
MuuaadDib,0.4066892159107143,neutral
Noworknoeat,0.99281265875,protrump
Bigbenj97,0.07857212,antitrump
peterjackson205,0.009772758000000001,antitrump
Spydiggity,0.9979068999999999,protrump
Tupatshakur,0.98366886,protrump
mattjnwny,0.057561167,antitrump
hoolahoopmolly,0.019481145,antitrump
saintmax,0.9975122,protrump
comrade_stanislav,0.6510912477466667,protrump
TheMeetingTree,0.95532626,protrump
pussydestroyer8D,0.007502453399999999,antitrump
pjmw2000,0.027188827999999998,antitrump
86cams,0.23259016196071428,antitrump
vitaminq,0.976773,protrump
ElectricGremlin,0.01622576,antitrump
achillesllco,0.012262621000000001,antitrump
OAEareMyInitials,0.29961790425,antitrump
caesarfecit,0.046382774,antitrump
niceloner10463484,0.99304384,protrump
TheCrunk1,0.25912640525,antitrump
paprika_alarm,0.97996706,protrump
xwizee17,0.3287348490333334,antitrump
Danynor,0.019182143999999998,antitrump
rjschwerin,0.05852668,antitrump
GabrielGray,0.412412535,neutral
hoj14325,0.09229587093684209,antitrump
Ayrane,0.050841399238059706,antitrump
sociale,0.9967372,protrump
Zuddine,0.9914168999999999,protrump
StinkyBeans1234,0.07709467,antitrump
wockpye,0.9960614999999999,protrump
jb12849,0.010697668,antitrump
Boomer4Israel,0.0041320194,antitrump
jordanbeagle,0.6515303999222222,protrump
YaduDoan,0.66306995,protrump
Ooo-wee,0.8810761086,protrump
ChunkyArsenio,0.40581183426785716,neutral
ampfin,0.18670190585714283,antitrump
oles_for_days,0.48714805666666666,neutral
Daboooogieman,0.89464474,protrump
McBluffin82,0.99741,protrump
ShePendragon,0.96627164,protrump
modswillburninhell,0.37353862299999996,antitrump
AdmAckbar22,0.96812373,protrump
micahperez2_,0.05219713,antitrump
chriscrutt,0.4950153180344828,neutral
MalcolmX420,0.41534006505882354,neutral
frostywheeler17,0.15504631,antitrump
panburger_partner,0.04720795333333333,antitrump
GayJewandPROUD,0.52944725,neutral
dappersting,0.056080714000000004,antitrump
bagelwithclocks,0.8254017849999999,protrump
theGoose_Caboose,0.8902691999999999,protrump
Clutchkarma2,0.09896121,antitrump
cpretorius1,0.95899343,protrump
SendixBunny,0.006129071099999999,antitrump
SteveLolyouwish,0.4284301539230769,neutral
pepeposter,0.83196515,protrump
Cluck_Norris19,0.99646145,protrump
ThreshPrinceJR,0.3262262,antitrump
fruit-hater,0.02800034,antitrump
CheesyGoodness,0.99136424,protrump
redditUserError404,0.9932875,protrump
The_real_fake_rivers,0.53531297,neutral
windomh,0.9439226999999999,protrump
floroc1,0.073529595,antitrump
savageboyd,0.5115714,neutral
take_that_back,0.004081017,antitrump
WebMasterGuru1,0.5518909764888889,neutral
Cam877,0.98981524,protrump
api,0.17275981,antitrump
TheWildGoose93,0.309450975,antitrump
epictubeguys,0.9901778,protrump
liberalis71,0.98424272,protrump
innerchillens,0.977141,protrump
podcastman,0.513780835,neutral
CQPab,0.13397257155000003,antitrump
AlohaWarrior34,0.5093608353750001,neutral
caroljcruz19,0.7959914775000001,protrump
mcbabe15,0.98426104,protrump
ajniggles,0.016150442,antitrump
InfowarsOfficial,0.0188961652,antitrump
blashley7,0.96810615,protrump
NotOnMyWatch45,0.012886223999999998,antitrump
wharris2001,0.99673164,protrump
LibertyPods,0.35890991050000004,antitrump
e-endrew,0.5402156650000001,neutral
traverlaw,0.017620666333333337,antitrump
GatsbyB,0.5536878000000001,neutral
Coby_Cruz,0.8610464,protrump
QSector,0.04383498698,antitrump
NoMoreMrNiceBastard,0.9843458666666667,protrump
newsreport2020,0.131657,antitrump
wilydelaine,0.01024866,antitrump
Sonseh,0.6681966863333333,protrump
TRUMP_IN_MY_RUMP,0.8432857500000001,protrump
Just_A_Dogsbody,0.173653326,antitrump
WildDefiance,0.9787819999999999,protrump
BATIRONSHARK,0.84927278,protrump
No_Fake_News,0.43568736005555553,neutral
DreadnaughtHamster,0.008977411,antitrump
mema2000,0.523464585,neutral
UnlikelyKnight,0.440226314625,neutral
uke1959,0.9834014000000001,protrump
GentleGentile1,0.5720616841333332,neutral
lokhouse,0.9652815,protrump
Shadowsongism,0.47529194,neutral
Zompokenator03,0.07580151,antitrump
adamaoc,0.5210315074999999,neutral
Quazimodal,0.5509633594000001,neutral
roymahaffey,0.49077588079999995,neutral
bigchinaaudio,0.007879621,antitrump
hello-my-good-friend,0.9691299925,protrump
BillyGGGGGGG,0.05361758,antitrump
dixonmason,0.99430144,protrump
brentgoldstien,0.96612865,protrump
ViAik,0.493708664625,neutral
AboveFinest,0.18094785949999997,antitrump
Feelsgood767,0.9903308000000001,protrump
TobiasFunkePhd,0.6852532608333334,protrump
FlingbatMagoo,0.9681754,protrump
Comprehensive_Main,0.6588331765,protrump
Meatsim4realz,0.9432957000000001,protrump
xOxOqTbByGrLxOxO,0.10880914146666668,antitrump
CampaignDude,0.944406685,protrump
HolySimon,0.0409573175,antitrump
contrarionargument,0.9437958000000001,protrump
HelenHorne11,0.21037509674545454,antitrump
ciedguy,0.9140394000000001,protrump
trestlew,0.96317303,protrump
Arcadeium,0.99102414,protrump
Levgre,0.009381900477777778,antitrump
raged_sd,0.5073868825000001,neutral
HTownian52,0.2962844983448275,antitrump
Thomdare,0.9951716999999999,protrump
GalvanizedParabola,0.059716399999999996,antitrump
SkullXYZ,0.7791425999999999,protrump
CNSMaryland,0.00797361815,antitrump
MTB805,0.5063064955,neutral
AnonymousDankMemer,0.34555332187499993,antitrump
AdolfBurkeBismarck,0.038795784,antitrump
Mplboi,0.25421708533333337,antitrump
Ryan_McCreesh,0.0046151876,antitrump
MaidoMaido,0.12220809127500001,antitrump
cooperstrull,0.09696107,antitrump
KennethKanniff,0.508319081,neutral
cyberhegel,0.20841929999999997,antitrump
KickKathleeenKennedy,0.9300789,protrump
jakejitsudg,0.31690699525,antitrump
DMVBornDMVRaised,0.019003758,antitrump
anthson,0.9731862849999999,protrump
DONNIE_THE_PISSHEAD,0.032689615266666666,antitrump
sluggles,0.9494268,protrump
RICO_GOLDSTAR,0.2334600845,antitrump
Hisksushi,0.66235256,protrump
newsandtweets,0.2774842,antitrump
j0shls,0.028089082,antitrump
fellow_conservative,0.82305735,protrump
funkidredd,0.154279865,antitrump
Wisconservationist,0.29688388,antitrump
dukethelord,0.08306329,antitrump
bcassimo,0.9835050999999999,protrump
riltok,0.41051695720000014,neutral
Johnny_W94,0.016777281777777778,antitrump
jetzt101,0.016633758000000002,antitrump
RealSour,0.6213002725,protrump
LonnieJaw748,0.34034559999999997,antitrump
calikage,0.70972663,protrump
CurriVida,0.17908337136666666,antitrump
the_tomato_man,0.019385215,antitrump
red_button_pusher,0.9919314,protrump
jtlambert,0.1740880135,antitrump
visionaireworld,0.051713504,antitrump
zerocrmen,0.994382725,protrump
Yoshiwa31,0.96595556,protrump
LinkedPioneer,0.4361561752857143,neutral
liynford,0.4976999657,neutral
finna_boi,0.07028101,antitrump
falsemate,0.064566255,antitrump
applefan432,0.0511081955,antitrump
sinfolaw,0.9729858,protrump
SquirrelHill1971,0.48757577999999996,neutral
1standTWENTY,0.7054004296363637,protrump
TRUMP_IS_THICC,0.44240389194444446,neutral
RainierNaragansett,0.38909313,antitrump
TheWeekMag,0.49923303835,neutral
usernameicanremember,0.08131593,antitrump
Theycallmebigwill,0.48994860996818196,neutral
hotmial,0.007090175,antitrump
EndTheFed_,0.512467781,neutral
LandSurf88,0.56368981225,neutral
successiseffort,0.24050687959999995,antitrump
Flyingcarsoriwalk,0.0041502663,antitrump
diablo-wy,0.3438691503333333,antitrump
micahganske,0.013251248,antitrump
MiniMan561,0.5997771455555556,neutral
Rosseverittfolkpunk,0.9645059000000001,protrump
raccoonbandit13,0.3629312026666667,antitrump
_chrismp,0.0426758255,antitrump
matehey,0.9716158000000001,protrump
Inf3ct3dWithZombi3,0.038874457,antitrump
DistanceToEmpty,0.3862408475,antitrump
M_T_Head,0.6620613296666666,protrump
coffeeMcbean,0.9911163000000001,protrump
mohawk720,0.3865231555714286,antitrump
Gedanke,0.023824203999999998,antitrump
Flaum__,0.07058651,antitrump
R_E_L_A_X,0.76461405,protrump
Five-Dollar-Footlong,0.9628999,protrump
DangerousSuccotash,0.026671546,antitrump
InfiniteEffect,0.5028394406818181,neutral
ILOVEASIANCUNTS,0.46768497635294115,neutral
SmigglyMuffinpuff,0.6108925666666667,protrump
spryfrys,0.046896923,antitrump
davis1908,0.5138538735,neutral
LoganRS38,0.5224797515,neutral
Misilze,0.6740107,protrump
sjwking,0.98012996,protrump
Eli_Truax,0.4757209598571429,neutral
xenokilla,0.0315511395,antitrump
lestado,0.4747888713333334,neutral
flanigan2004,0.621067865,protrump
TeddyDalrymple,0.9897169,protrump
The_pun_fart,0.005025931,antitrump
BruanLTD,0.9767882999999999,protrump
JackHadders,0.30452017875,antitrump
Prince_Kropotkin,0.008297728,antitrump
Sexy-Ken,0.5088137884999999,neutral
QuintinStone,0.0341232585,antitrump
mexmeg,0.013111071000000002,antitrump
epiphytical,0.35729843,antitrump
simplereligion,0.5970331557999999,neutral
Revenant20,0.9753798499999999,protrump
indkend,0.010074757,antitrump
Greg_in_Upstate_NY,0.9873139000000001,protrump
aling0,0.549747985,neutral
BearingCharms,0.015904168666666666,antitrump
reese69133,0.99040824,protrump
liberalwreckage,0.05809711,antitrump
Nomandate,0.018110165,antitrump
Deathoftheleft,0.33340833208059706,antitrump
ChriSpencer,0.97538218,protrump
twerkythegimp,0.972164654,protrump
jmgia64,0.96804786,protrump
skunimatrix,0.017452008999999997,antitrump
CruzinferBruzin,0.4791652888571428,neutral
WagTheKat,0.017138239666666666,antitrump
tan_D,0.9911555000000001,protrump
patsyl115,0.048183132000000004,antitrump
therightscoop,0.12416011617391308,antitrump
ConservativeKing,0.00486548,antitrump
Duox_TV,0.012042223500000001,antitrump
mlgsoundeffect,0.07018300000000001,antitrump
theotherbencick,0.006933391,antitrump
Idiotssuk,0.8981212999999999,protrump
4FoxLake,0.9858818000000001,protrump
Confirmation_By_Us,0.96728164,protrump
FineappleFilms,0.11133196,antitrump
PM_ME_YOUR_LAWNCHAIR,0.499550981,neutral
_itachi_,0.9934589,protrump
Ghost-713,0.49529886050000005,neutral
ruthlesslyrobin,0.47507852,neutral
kingdav97,0.57674352,neutral
Anon-Ymous929,0.45216066714285713,neutral
BlatantConservative,0.028606249,antitrump
Icantevenhavemyname,0.0132900225,antitrump
PubliusVA,0.30042972355483866,antitrump
Standard_Wooden_Door,0.87684083,protrump
Mass_Liberty,0.28115096375,antitrump
Wake_of_the_Flood,0.07396750256666666,antitrump
St4rwind003,0.9245546999999998,protrump
jondavidbrooks,0.981136,protrump
clearlywaxed,0.010244331,antitrump
BigCheen,0.015934227,antitrump
embarassedRepublican,0.504549486,neutral
libertarianmurse,0.09219415,antitrump
notlikelyevil,0.03492881344999999,antitrump
OneLongEyebrowHair,0.99330246,protrump
likeafox,0.01331423625,antitrump
keepthecharge,0.6349839,protrump
karamanucuristero,0.9954365,protrump
Needadiamond,0.040645227,antitrump
Lurker5937,0.028789578,antitrump
JustRuss79,0.18203937,antitrump
IamAElephante,0.4773789225,neutral
TruthISTruth46,0.0188517902,antitrump
jackbootedcyborg,0.26607447833333336,antitrump
PaulieRoastBeef,0.37928026233333334,antitrump
Sullyac7,0.01627081,antitrump
Truedough9,0.248474665,antitrump
PassStage6,0.4330727446666667,neutral
DfduuptIsFINISHED,0.7189310933333334,protrump
coppa888,0.6547827119999999,protrump
omhomhom,0.99150896,protrump
base2,0.016266088999999997,antitrump
iehava,0.9462474,protrump
lilshears,0.96940252,protrump
ballpitcher,0.58471435,neutral
TheFightForAmerica,0.051965027999999996,antitrump
WW_III_ANGRY,0.023514968750000004,antitrump
asquared_131,0.9944371,protrump
ProdigyLightshow,0.011136328999999999,antitrump
urban__sombrero,0.5819865995310682,neutral
doesnotcompute1990,0.9806881,protrump
bmerrill07,0.9536611866666668,protrump
sullivan199,0.8186521250000001,protrump
Conjewcius,0.42896780000000007,neutral
SRONEWS,0.0059048464,antitrump
shwiftyget,0.669875313,protrump
todayilearned83,0.09081661167555553,antitrump
rdavis414,0.507209768,neutral
dannylenwin,0.3307027958666667,antitrump
darrenlamb3k,0.010480613666666668,antitrump
Shoonya108,0.005234664,antitrump
NationalistLegionari,0.5095693104,neutral
TFLT,0.9756659,protrump
washowe1313,0.5230924,neutral
glengle,0.01184651,antitrump
TheDiogenesCynic,0.9843010000000001,protrump
MCJeffree,0.013754218,antitrump
StarFuryG7,0.47078825469130436,neutral
HarpoMarks,0.014380637799999998,antitrump
SavageClasher,0.9564297949999999,protrump
SnakeyesX,0.94991297,protrump
cdngunownerthrowaway,0.991920125,protrump
rendonfan912,0.97007376,protrump
A80A90,0.9972184999999999,protrump
TDtheHuman,0.9864934000000001,protrump
smellsmira,0.8008208456666667,protrump
lodi654,0.17919435,antitrump
JoePesciOfGoneFishin,0.047507074,antitrump
alibix,0.34127878666666667,antitrump
starmanres,0.1604012585,antitrump
jtdusk,0.11279379624615384,antitrump
Tele_Prompter,0.0910813950255231,antitrump
Flawlessnessx2,0.93762463,protrump
poliscijunki,0.6513622910333333,protrump
Zoztrog,0.493435846,neutral
ghqwertt,0.3283131459,antitrump
DannyDeVitoSLAP,0.9832901,protrump
barred214,0.03705803415,antitrump
86saurkraut,0.16582671899999998,antitrump
_johnlocke_,0.26190004113333337,antitrump
ldlemus,0.06952066,antitrump
doubleplusaverage,0.99143946,protrump
EnosMann74,0.08195042,antitrump
NickyTys,0.97528207,protrump
anisotropy77,0.08928977,antitrump
WintersTablet,0.0172271915,antitrump
jerryh100,0.00669574835,antitrump
bmw120k,0.02877677,antitrump
reubadoob,0.35149986088888885,antitrump
-GalaxyFarFarAway-,0.038085815,antitrump
Brat-Vaguer-YT,0.572111405,neutral
Bat_Newb,0.037310127,antitrump
yosoyeloso,0.44718030999999997,neutral
ShriekinDesperado15,0.039938074,antitrump
Equestriaguy,0.04113522941666666,antitrump
LouieK22,0.9778870999999999,protrump
sharpcommentary62,0.3646345,antitrump
GutCart,0.0173273995,antitrump
ashimotih,0.70757896,protrump
Rapidfiremma,0.24510291333333337,antitrump
premedthrowaway11,0.036463574,antitrump
patronusprince,0.0072470587,antitrump
ripplemon,0.005271893000000001,antitrump
JimmyDesanta45,0.28206994625,antitrump
tad_zimas,0.014232686,antitrump
maverickcavalier,0.13553582329999997,antitrump
FreeSpeechRocks,0.4604646885,neutral
thebottle,0.045452494,antitrump
ismailK13,0.012778181266666666,antitrump
Billy_The_Squid_,0.30066085,antitrump
zerokelvin32,0.98567003,protrump
Loki500,0.26476276,antitrump
AntiAntiAntiFash,0.2106766223333333,antitrump
Ahh_ASAP,0.6298264,protrump
Stevemagegod,0.052894738000000004,antitrump
AThiccMeme,0.9979169,protrump
pi_e_phi,0.3732453054,antitrump
survivlr,0.281571111625,antitrump
kd1236,0.09165802,antitrump
MattMeduri,0.049700769125,antitrump
BerryBomB101,0.17981963,antitrump
Saltwaterpapi,0.4954521135,neutral
VirginWizard69,0.6428558668,protrump
pubesthecrab,0.00534937695,antitrump
anonymousguerilla,0.2596025,antitrump
_Vaf,0.077466235,antitrump
Lindseymattth,0.3071268085555555,antitrump
J-Mosc,0.9966017,protrump
drugsnfudge,0.6505228,protrump
climate_fiction_guy,0.9767188,protrump
toscanOs,0.20950170000000004,antitrump
RedditSponsoredPost,0.7636502,protrump
RTNoftheMackell,0.009188119,antitrump
Donnot,0.96782077,protrump
roscoemars,0.08416650669999999,antitrump
MrSnoman,0.017091485,antitrump
docile1,0.07788745350000001,antitrump
cloudheadz,0.08381886,antitrump
SenorFluffy_,0.6707524,protrump
DaisyKitty,0.25213893425,antitrump
milfseeker99,0.6502062596346155,protrump
Caffiene_Addict-420,0.9577851500000001,protrump
antidense,0.2786847109,antitrump
rpm3311,0.5311447756571429,neutral
PeacefullyInsane,0.018966135,antitrump
fuckifino,0.779891195,protrump
CCthree,0.016520223,antitrump
rangerlinks,0.013046995,antitrump
kerryfinchelhillary,0.011299068999999998,antitrump
DadpaulRaj,0.06703682,antitrump
IndyPacers,0.04709307866666667,antitrump
CCcreativewriter,0.95483345,protrump
Abrushing,0.0179455,antitrump
phenomenomnom,0.020864295,antitrump
iushciuweiush,0.2907129615384615,antitrump
stuffed-love,0.968671015,protrump
journey3000,0.19567098,antitrump
ColoradoRCV,0.0540043625,antitrump
xJownage,0.6297923875,protrump
mmatroy21,0.98521113,protrump
DavidJayy,0.020158539,antitrump
phantomupload,0.01175698576,antitrump
twinfolk,0.191519769,antitrump
ForeignStorefront,0.050400703500000005,antitrump
seabasscampos,0.48265855585714285,neutral
mugwump,0.9871798,protrump
nujuisrael,0.07585014599999998,antitrump
Mahote,0.8862145433333334,protrump
Goober1025,0.020620223,antitrump
No_Life299,0.06892886,antitrump
juju515,0.04154651,antitrump
empw,0.036135352999999995,antitrump
Captain_Farts_,0.9691628000000001,protrump
iamnotfromtexas90,0.3606596053333333,antitrump
Lindsay2114,0.5127411500000001,neutral
LillliamPumpernickel,0.07255714,antitrump
StrikingEar,0.9968200999999999,protrump
ShoePidgeon,0.96911368,protrump
ElvisCoversTupac,0.014792271999999999,antitrump
phomorian,0.006441311999999999,antitrump
homer1948,0.6614456,protrump
toursover,0.99658066,protrump
CryptTheEditor,0.99794036,protrump
Nemesis651,0.010168376,antitrump
chandypants,0.9961434000000001,protrump
ladybugamk,0.9839654,protrump
AlexanderTheBaptist,0.024074836000000002,antitrump
blazer1416,0.98299825,protrump
YUSoSaltyReddit,0.028605837000000002,antitrump
ShadowGoat128134,0.98919255,protrump
KingsmanIntell,0.9957091999999998,protrump
tkstock,0.5889820138,neutral
bigbob4692,0.04163115,antitrump
jjmcstuphens,0.02187968,antitrump
oceanplum,0.13936516124166662,antitrump
psufan5,0.04269883,antitrump
rapeatar,0.06853574,antitrump
Elkyrie,0.99359244,protrump
Ppap_is_lyf,0.06647086549999999,antitrump
tantricfruits,0.707318702,protrump
NOS2063,0.9584193000000001,protrump
Kite23,0.9899836999999999,protrump
pmoturtle,0.9849841,protrump
reaaaaally,0.2014940539933333,antitrump
trenescese,0.9709857,protrump
BernankeBot,0.017806808,antitrump
NISCBTFM,0.31985855175,antitrump
TheTacoFairy,0.0116108785,antitrump
mikecharuk,0.509755017,neutral
pingveno,0.006880818,antitrump
TheMamish,0.5118964,neutral
NotAnNFLGM,0.0120042,antitrump
GGtheBoss17,0.12673419366,antitrump
yungdjerm,0.023940217000000003,antitrump
Meowmixez98,0.9807864,protrump
billytubes,0.07392734,antitrump
Fart_Summoner,0.9912486999999999,protrump
here2lookatweirdshit,0.38292948090000006,antitrump
BigDSlinger69,0.99129385,protrump
Thatlookedlikeithurt,0.3409261506333333,antitrump
Jedi_Bane,0.9895064,protrump
Tomorrow-is-today,0.05684242532941177,antitrump
squam0,0.9883873,protrump
Grant_Thelen,0.056898624,antitrump
ThatItalianGuyThere,0.012779957,antitrump
liberty_reborn,0.8337706466666667,protrump
USQuestioner,0.9218501,protrump
quetheball,0.033931326,antitrump
Kevlaric,0.059830367999999995,antitrump
Nick_the_t3rran,0.07678879000000001,antitrump
tayllerr,0.053758285999999995,antitrump
troutbassfisher-,0.67646782,protrump
ChezRoxwell,0.9970691999999999,protrump
Immortan---joe,0.650076585,protrump
libertydawg18,0.5884140999999999,neutral
sponkthethird,0.15480933,antitrump
p_frost,0.9870597,protrump
OtherwiseRegret,0.99690163,protrump
dasfu,0.38783896216666663,antitrump
ElectronicStrawberry,0.01896896,antitrump
toasterandtoast,0.107054494,antitrump
retarded_ape,0.9805063,protrump
ChurningTheCentury,0.9896225000000001,protrump
Atomic__Annie,0.851848464875,protrump
civilwarrior4692,0.05078433,antitrump
spirituous-crab,0.52644265,neutral
aandwdabest,0.25887397162500003,antitrump
ENHANCE_Man,0.0037655909999999996,antitrump
Mormonster,0.43943992771428564,neutral
QuickScopeOfGod,0.532458,neutral
MNTLTY,0.021241134,antitrump
TheGreatGaudet,0.9774236999999999,protrump
Notsocashmoneyofu,0.62898463,protrump
MrTeddyFTW,0.14921001665,antitrump
bdawg5000,0.27222502375,antitrump
GumGatherer,0.04152145,antitrump
proggR,0.006318760600000001,antitrump
bshizzy,0.44504570000000004,neutral
burtzev,0.0584714332,antitrump
Bizzyguy,0.374242044,antitrump
BlenderBottleLol,0.4867725535,neutral
Crardin13,0.9813315999999999,protrump
ApprovalVoting4Spoil,0.3448034225508473,antitrump
ujjain,0.7946142439999999,protrump
Nakedcrazyman,0.663103835625,protrump
TomtheMemeKing,0.99681026,protrump
panther55901,0.9914674800000001,protrump
flipdipskipnip,0.6313759329999998,protrump
atomicnumber23,0.0527697,antitrump
Mensageiro,0.10069429,antitrump
MistyBoyei2,0.01544664,antitrump
57ashdot,0.9495191999999999,protrump
WWANormalPersonD,0.9655384,protrump
mangeek,0.046669032,antitrump
Narcessism,0.295437,antitrump
tavernstories,0.060505513,antitrump
-hotcoffee,0.9918805,protrump
DankassLibertarian,0.526753685,neutral
ThisIsAGoodAccount2,0.07450069999999999,antitrump
madam1,0.07910914492192984,antitrump
PrideInIndividuality,0.20821456240000003,antitrump
BeholdTheOverloser,0.7054519059375,protrump
hazardousterritory,0.3431750946666667,antitrump
BodhiLV,0.055591985999999996,antitrump
hellofellowamericans,0.26588390725,antitrump
mc_mopete,0.10116216,antitrump
designguy424,0.056113437,antitrump
SCOTUSTheory,0.0050262674,antitrump
spadewalk,0.03586362,antitrump
Jon-D-Brooks,0.035586867,antitrump
SurlyRed,0.017070396,antitrump
GilbertOfRivia,0.008381429000000001,antitrump
Alphacolt343,0.9948773999999999,protrump
dollinsdv,0.0101796035,antitrump
laudanum18,0.97775304,protrump
Sword_of_Apollo,0.31464091789999993,antitrump
enjoyingtheride,0.7081644,protrump
ePaperWeight,0.7039512094545456,protrump
Kim_Jong_Done,0.3599922115,antitrump
otismcgovern,0.36128309799999997,antitrump
TheDevilbaby,0.35337840000000004,antitrump
past0037,0.99064386,protrump
goodfreak282110,0.99145585,protrump
CommonSense2k8,0.388701801,antitrump
NotThePwner,0.7987911212000001,protrump
Nostrilsdamus,0.9582553,protrump
pstar1122,0.9760991,protrump
whisperit4me,0.0762717,antitrump
I_Pe__Creen,0.07003298,antitrump
YourRagingAsian,0.027254364,antitrump
hunterdylanlewis,0.1059276915,antitrump
jugo2920,0.918726,protrump
NickolasR2040,0.0167366365,antitrump
cybersecp,0.10551246975,antitrump
RoDHawffgg,0.72461534,protrump
theDukeofDanknesss,0.47424204000000003,neutral
perfecctionist,0.3515936432,antitrump
daveyhanks93,0.14056338107142854,antitrump
DK-Night,0.90373605,protrump
LoneCipher,0.42845989399999995,neutral
AdjectiveNounCombo,0.023745954,antitrump
Jastelus,0.9892687,protrump
wahfools,0.48648178300000006,neutral
davidapstein,0.6635868279166667,protrump
HeinzzBeanzz,0.9969701999999999,protrump
Euskaltano,0.6599697600000001,protrump
momdestroyer69420,0.97759665,protrump
throwaway265432455,0.19985275,antitrump
ThisShipIsGoingDown,0.020177063999999998,antitrump
Prax_NAP,0.40752560523529413,neutral
GonzoMcGeeOSP,0.026131956,antitrump
LarryKingsScoliosis,0.030900697999999997,antitrump
timmycatchores,0.59565187,neutral
giggglygirl,0.047338565750000006,antitrump
randomhippieOo,0.9963791,protrump
Bill_Brasky889,0.442821305,neutral
MiracleMiles,0.033584960999999997,antitrump
madmonkey77,0.40119183,neutral
DivineKegel,0.09541318,antitrump
lovesaqaba,0.9961629999999999,protrump
RFC-1925,0.038820043,antitrump
dadarknight,0.76180625,protrump
the1truth1979,0.0595867,antitrump
Itsallaboutcharisma,0.6645624833333333,protrump
die996,0.99623907,protrump
Dhaunte,0.99332726,protrump
ithacahippie,0.09175577,antitrump
PreciousHumanStrife,0.5054287115,neutral
unkerjay,0.30532944223124997,antitrump
ancapistan_man,0.99614584,protrump
FreedomTVUSA,0.6445402779499999,protrump
neglei,0.525129855,neutral
A_Politard,0.9915155000000001,protrump
Ed_Trucks_Head,0.007578252299999999,antitrump
BjornJarnsida,0.24364847,antitrump
Ketelbink,0.0192886115,antitrump
